,DATE,VISIBILITY
47,16-04-2014 15:51,10.0
49,16-04-2014 17:51,10.0
50,16-04-2014 18:51,10.0
51,16-04-2014 19:51,10.0
52,16-04-2014 20:51,10.0
53,16-04-2014 21:51,10.0
54,16-04-2014 22:51,10.0
55,16-04-2014 23:51,10.0
56,17-04-2014 00:51,10.0
57,17-04-2014 01:51,10.0
58,17-04-2014 02:51,10.0
59,17-04-2014 03:51,10.0
60,17-04-2014 04:51,10.0
61,17-04-2014 05:51,10.0
62,17-04-2014 06:51,10.0
63,17-04-2014 07:51,10.0
64,17-04-2014 08:51,10.0
65,17-04-2014 09:51,10.0
68,17-04-2014 12:51,10.0
71,17-04-2014 15:51,10.0
73,17-04-2014 17:51,10.0
74,17-04-2014 18:51,10.0
75,17-04-2014 19:51,9.98
76,17-04-2014 20:51,10.0
77,17-04-2014 21:51,10.0
78,17-04-2014 22:51,10.0
79,17-04-2014 23:51,10.0
80,18-04-2014 00:51,9.95
81,18-04-2014 01:51,10.0
82,18-04-2014 02:51,10.0
83,18-04-2014 03:51,9.99
84,18-04-2014 04:51,9.97
85,18-04-2014 05:51,9.93
86,18-04-2014 06:51,10.0
87,18-04-2014 07:51,10.0
88,18-04-2014 08:51,10.0
89,18-04-2014 09:51,10.0
90,18-04-2014 10:51,10.0
91,18-04-2014 11:51,10.0
116,19-04-2014 12:51,10.0
117,19-04-2014 13:51,10.0
119,19-04-2014 15:51,10.0
120,19-04-2014 16:51,10.0
123,19-04-2014 19:51,10.0
124,19-04-2014 20:51,10.0
126,19-04-2014 22:51,10.0
127,19-04-2014 23:51,10.0
128,20-04-2014 00:51,10.0
129,20-04-2014 01:51,10.0
130,20-04-2014 02:51,10.0
131,20-04-2014 03:51,9.99
132,20-04-2014 04:51,10.0
133,20-04-2014 05:51,10.0
134,20-04-2014 06:51,10.0
135,20-04-2014 07:51,9.95
136,20-04-2014 08:51,9.58
137,20-04-2014 09:51,10.0
138,20-04-2014 10:51,10.0
145,20-04-2014 17:51,10.0
146,20-04-2014 18:51,10.0
147,20-04-2014 19:51,10.0
148,20-04-2014 20:51,10.0
149,20-04-2014 21:51,10.0
150,20-04-2014 22:51,10.0
151,20-04-2014 23:51,10.0
152,21-04-2014 00:51,10.0
153,21-04-2014 01:51,10.0
154,21-04-2014 02:51,10.0
155,21-04-2014 03:51,10.0
156,21-04-2014 04:51,9.94
157,21-04-2014 05:51,10.0
158,21-04-2014 06:51,10.0
159,21-04-2014 07:51,10.0
160,21-04-2014 08:51,10.0
194,22-04-2014 18:51,9.91
252,25-04-2014 04:51,10.0
255,25-04-2014 07:51,10.0
256,25-04-2014 08:51,10.0
270,25-04-2014 22:51,10.0
271,25-04-2014 23:51,9.94
272,26-04-2014 00:51,9.99
273,26-04-2014 01:51,7.975
274,26-04-2014 02:51,3.83
275,26-04-2014 03:51,4.2275
276,26-04-2014 04:51,4.2475
278,26-04-2014 06:51,6.825
285,26-04-2014 13:51,10.0
288,26-04-2014 16:51,10.0
290,26-04-2014 18:51,8.93
291,26-04-2014 19:51,8.505
293,26-04-2014 21:51,9.92
294,26-04-2014 22:51,9.22
319,27-04-2014 23:51,9.94
322,28-04-2014 02:51,10.0
342,28-04-2014 22:51,9.96
343,28-04-2014 23:51,10.0
344,29-04-2014 00:51,10.0
345,29-04-2014 01:51,10.0
346,29-04-2014 02:51,10.0
347,29-04-2014 03:51,10.0
348,29-04-2014 04:51,10.0
349,29-04-2014 05:51,10.0
350,29-04-2014 06:51,9.96
351,29-04-2014 07:51,10.0
352,29-04-2014 08:51,10.0
353,29-04-2014 09:51,10.0
354,29-04-2014 10:51,10.0
355,29-04-2014 11:51,9.99
356,29-04-2014 12:51,10.0
357,29-04-2014 13:51,9.99
358,29-04-2014 14:51,9.99
359,29-04-2014 15:51,9.88
360,29-04-2014 16:51,10.0
361,29-04-2014 17:51,9.27
362,29-04-2014 18:51,9.3
363,29-04-2014 19:51,10.0
364,29-04-2014 20:51,9.96
365,29-04-2014 21:51,8.86
366,29-04-2014 22:51,9.8
367,29-04-2014 23:51,10.0
368,30-04-2014 00:51,10.0
369,30-04-2014 01:51,9.85
370,30-04-2014 02:51,6.96
371,30-04-2014 03:51,5.345
372,30-04-2014 04:51,8.555
373,30-04-2014 05:51,5.4
374,30-04-2014 06:51,4.395
375,30-04-2014 07:51,3.04
376,30-04-2014 08:51,3.67
377,30-04-2014 09:51,3.535
378,30-04-2014 10:51,3.405
379,30-04-2014 11:51,3.315
380,30-04-2014 12:51,2.145
381,30-04-2014 13:51,5.89
382,30-04-2014 14:51,6.425
383,30-04-2014 15:51,2.99
384,30-04-2014 16:51,1.845
385,30-04-2014 17:51,1.355
386,30-04-2014 18:51,1.83
387,30-04-2014 19:51,3.9325
388,30-04-2014 20:51,4.135
389,30-04-2014 21:51,4.0497000000000005
417,02-05-2014 01:51,10.0
418,02-05-2014 02:51,10.0
420,02-05-2014 04:51,10.0
421,02-05-2014 05:51,10.0
422,02-05-2014 06:51,10.0
514,06-05-2014 02:51,9.98
520,06-05-2014 08:51,10.0
540,07-05-2014 05:51,10.0
541,07-05-2014 06:51,10.0
543,07-05-2014 08:51,10.0
544,07-05-2014 09:51,10.0
562,08-05-2014 03:51,4.61
570,08-05-2014 11:51,8.976666666666667
571,08-05-2014 12:51,5.02
572,08-05-2014 13:51,5.015
573,08-05-2014 14:51,8.186444444444444
574,08-05-2014 15:51,5.251
575,08-05-2014 16:51,5.165
577,08-05-2014 18:51,8.076666666666668
578,08-05-2014 19:51,7.29
580,08-05-2014 21:51,0.4760999999999999
581,08-05-2014 22:51,2.715
583,09-05-2014 00:51,4.91
584,09-05-2014 01:51,2.9774000000000003
586,09-05-2014 03:51,3.83
587,09-05-2014 04:51,1.3975
588,09-05-2014 05:51,2.6
589,09-05-2014 06:51,1.1336000000000002
590,09-05-2014 07:51,8.12
592,09-05-2014 09:51,4.905
593,09-05-2014 10:51,2.535
595,09-05-2014 12:51,8.66
596,09-05-2014 13:51,9.75
597,09-05-2014 14:51,9.64
599,09-05-2014 16:51,6.4316666666666675
600,09-05-2014 17:51,7.009904761904763
601,09-05-2014 18:51,7.009904761904763
602,09-05-2014 19:51,9.449333333333334
611,10-05-2014 04:51,3.186500000000002
647,11-05-2014 17:51,10.0
650,11-05-2014 20:51,10.0
673,12-05-2014 19:51,10.0
674,12-05-2014 20:51,10.0
677,12-05-2014 23:51,9.97
678,13-05-2014 00:51,9.97
679,13-05-2014 01:51,9.96
680,13-05-2014 02:51,9.96
681,13-05-2014 03:51,8.68
682,13-05-2014 04:51,8.84
683,13-05-2014 05:51,9.95
684,13-05-2014 06:51,10.0
685,13-05-2014 07:51,10.0
686,13-05-2014 08:51,10.0
687,13-05-2014 09:51,10.0
690,13-05-2014 12:51,10.0
691,13-05-2014 13:51,10.0
693,13-05-2014 15:51,10.0
694,13-05-2014 16:51,10.0
695,13-05-2014 17:51,10.0
697,13-05-2014 19:51,10.0
698,13-05-2014 20:51,10.0
699,13-05-2014 21:51,10.0
700,13-05-2014 22:51,9.62
701,13-05-2014 23:51,9.38
702,14-05-2014 00:51,9.98
703,14-05-2014 01:51,9.9
704,14-05-2014 02:51,9.98
705,14-05-2014 03:51,10.0
706,14-05-2014 04:51,10.0
707,14-05-2014 05:51,10.0
708,14-05-2014 06:51,10.0
709,14-05-2014 07:51,10.0
710,14-05-2014 08:51,9.98
711,14-05-2014 09:51,10.0
714,14-05-2014 12:51,10.0
717,14-05-2014 15:51,10.0
718,14-05-2014 16:51,8.38
719,14-05-2014 17:51,4.46
720,14-05-2014 18:51,4.46
721,14-05-2014 19:51,3.12
722,14-05-2014 20:51,6.95
723,14-05-2014 21:51,8.98
724,14-05-2014 22:51,1.5725
725,14-05-2014 23:51,1.5237
726,15-05-2014 00:51,1.8462
774,17-05-2014 00:51,9.82
799,18-05-2014 01:51,10.0
803,18-05-2014 05:51,10.0
804,18-05-2014 06:51,10.0
842,19-05-2014 20:51,10.0
888,21-05-2014 18:51,10.0
890,21-05-2014 20:51,9.995
891,21-05-2014 21:51,9.84
897,22-05-2014 03:51,3.0119000000000007
910,22-05-2014 16:51,10.0
911,22-05-2014 17:51,7.07
912,22-05-2014 18:51,8.2
913,22-05-2014 19:51,8.27
915,22-05-2014 21:51,9.8
916,22-05-2014 22:51,8.165
917,22-05-2014 23:51,4.215
918,23-05-2014 00:51,1.39
919,23-05-2014 01:51,2.495
920,23-05-2014 02:51,2.235
921,23-05-2014 03:51,6.34
922,23-05-2014 04:51,6.22
923,23-05-2014 05:51,7.66
924,23-05-2014 06:51,8.62
925,23-05-2014 07:51,9.85
926,23-05-2014 08:51,10.0
927,23-05-2014 09:51,10.0
928,23-05-2014 10:51,9.96
929,23-05-2014 11:51,10.0
930,23-05-2014 12:51,9.98
931,23-05-2014 13:51,9.65
934,23-05-2014 16:51,9.98
935,23-05-2014 17:51,9.89
936,23-05-2014 18:51,9.95
944,24-05-2014 02:51,7.5125
949,24-05-2014 07:51,9.99
953,24-05-2014 11:51,10.0
954,24-05-2014 12:51,10.0
987,25-05-2014 21:51,10.0
989,25-05-2014 23:51,10.0
990,26-05-2014 00:51,10.0
1038,28-05-2014 00:51,9.99
1039,28-05-2014 01:51,10.0
1040,28-05-2014 02:51,10.0
1041,28-05-2014 03:51,10.0
1042,28-05-2014 04:51,9.92
1043,28-05-2014 05:51,9.83
1044,28-05-2014 06:51,9.99
1045,28-05-2014 07:51,10.0
1046,28-05-2014 08:51,9.94
1047,28-05-2014 09:51,9.97
1048,28-05-2014 10:51,9.99
1049,28-05-2014 11:51,10.0
1050,28-05-2014 12:51,10.0
1051,28-05-2014 13:51,10.0
1052,28-05-2014 14:51,10.0
1053,28-05-2014 15:51,10.0
1054,28-05-2014 16:51,10.0
1055,28-05-2014 17:51,9.99
1056,28-05-2014 18:51,10.0
1057,28-05-2014 19:51,10.0
1058,28-05-2014 20:51,10.0
1059,28-05-2014 21:51,10.0
1060,28-05-2014 22:51,10.0
1061,28-05-2014 23:51,10.0
1062,29-05-2014 00:51,10.0
1063,29-05-2014 01:51,10.0
1064,29-05-2014 02:51,10.0
1065,29-05-2014 03:51,10.0
1066,29-05-2014 04:51,10.0
1067,29-05-2014 05:51,10.0
1068,29-05-2014 06:51,10.0
1069,29-05-2014 07:51,10.0
1070,29-05-2014 08:51,10.0
1071,29-05-2014 09:51,10.0
1084,29-05-2014 22:51,9.82
1085,29-05-2014 23:51,9.97
1086,30-05-2014 00:51,10.0
1087,30-05-2014 01:51,10.0
1091,30-05-2014 05:51,9.89
1092,30-05-2014 06:51,10.0
1105,30-05-2014 19:51,9.91
1106,30-05-2014 20:51,10.0
1113,31-05-2014 03:51,10.0
1121,31-05-2014 11:51,10.0
1123,31-05-2014 13:51,10.0
1130,31-05-2014 20:51,10.0
1131,31-05-2014 21:51,10.0
1132,31-05-2014 22:51,10.0
1133,31-05-2014 23:51,9.97
1136,01-06-2014 02:51,9.95
1142,01-06-2014 08:51,10.0
1177,02-06-2014 19:51,10.0
1200,03-06-2014 18:51,10.0
1201,03-06-2014 19:51,9.81
1202,03-06-2014 20:51,9.94
1203,03-06-2014 21:51,8.79
1204,03-06-2014 22:51,9.68
1205,03-06-2014 23:51,9.87
1206,04-06-2014 00:51,9.96
1207,04-06-2014 01:51,9.91
1210,04-06-2014 04:51,9.1
1211,04-06-2014 05:51,9.47
1212,04-06-2014 06:51,9.91
1213,04-06-2014 07:51,10.0
1214,04-06-2014 08:51,10.0
1215,04-06-2014 09:51,10.0
1216,04-06-2014 10:51,10.0
1217,04-06-2014 11:51,10.0
1224,04-06-2014 18:51,9.16
1225,04-06-2014 19:51,9.96
1226,04-06-2014 20:51,9.9
1228,04-06-2014 22:51,9.89
1230,05-06-2014 00:51,6.215
1231,05-06-2014 01:51,7.62
1232,05-06-2014 02:51,5.4462
1234,05-06-2014 04:51,6.0649
1235,05-06-2014 05:51,8.0925
1236,05-06-2014 06:51,4.315
1237,05-06-2014 07:51,6.225
1238,05-06-2014 08:51,4.35
1239,05-06-2014 09:51,8.93
1240,05-06-2014 10:51,5.92
1242,05-06-2014 12:51,9.97
1245,05-06-2014 15:51,10.0
1247,05-06-2014 17:51,9.99
1269,06-06-2014 15:51,10.0
1280,07-06-2014 02:51,10.0
1285,07-06-2014 07:51,10.0
1287,07-06-2014 09:51,10.0
1288,07-06-2014 10:51,10.0
1308,08-06-2014 06:51,10.0
1309,08-06-2014 07:51,10.0
1332,09-06-2014 06:51,5.685
1333,09-06-2014 07:51,4.78
1334,09-06-2014 08:51,6.725
1341,09-06-2014 15:51,9.6
1344,09-06-2014 18:51,9.22
1345,09-06-2014 19:51,9.94
1346,09-06-2014 20:51,9.56
1354,10-06-2014 04:51,2.28
1356,10-06-2014 06:51,4.47
1357,10-06-2014 07:51,6.18
1358,10-06-2014 08:51,7.37
1362,10-06-2014 12:51,9.73
1363,10-06-2014 13:51,9.94
1367,10-06-2014 17:51,9.96
1368,10-06-2014 18:51,9.86
1370,10-06-2014 20:51,9.65
1371,10-06-2014 21:51,8.48
1372,10-06-2014 22:51,9.62
1373,10-06-2014 23:51,7.455
1374,11-06-2014 00:51,9.54
1375,11-06-2014 01:51,3.8825
1376,11-06-2014 02:51,8.185
1377,11-06-2014 03:51,8.1375
1378,11-06-2014 04:51,9.98
1379,11-06-2014 05:51,10.0
1380,11-06-2014 06:51,10.0
1381,11-06-2014 07:51,10.0
1382,11-06-2014 08:51,10.0
1383,11-06-2014 09:51,10.0
1384,11-06-2014 10:51,10.0
1385,11-06-2014 11:51,10.0
1386,11-06-2014 12:51,10.0
1387,11-06-2014 13:51,10.0
1388,11-06-2014 14:51,10.0
1389,11-06-2014 15:51,10.0
1390,11-06-2014 16:51,10.0
1391,11-06-2014 17:51,10.0
1392,11-06-2014 18:51,10.0
1393,11-06-2014 19:51,10.0
1394,11-06-2014 20:51,9.97
1395,11-06-2014 21:51,9.98
1396,11-06-2014 22:51,9.75
1397,11-06-2014 23:51,10.0
1398,12-06-2014 00:51,10.0
1399,12-06-2014 01:51,10.0
1400,12-06-2014 02:51,9.93
1401,12-06-2014 03:51,9.9
1402,12-06-2014 04:51,8.596666666666668
1403,12-06-2014 05:51,1.7325
1404,12-06-2014 06:51,3.1261
1405,12-06-2014 07:51,2.2475
1406,12-06-2014 08:51,7.07
1407,12-06-2014 09:51,7.87
1408,12-06-2014 10:51,9.51
1409,12-06-2014 11:51,10.0
1410,12-06-2014 12:51,10.0
1414,12-06-2014 16:51,10.0
1415,12-06-2014 17:51,9.97
1416,12-06-2014 18:51,9.95
1417,12-06-2014 19:51,9.33
1418,12-06-2014 20:51,6.64
1419,12-06-2014 21:51,5.5962
1420,12-06-2014 22:51,5.7599
1421,12-06-2014 23:51,2.7062
1422,13-06-2014 00:51,1.6671
1423,13-06-2014 01:51,1.5658000000000003
1424,13-06-2014 02:51,2.0811
1425,13-06-2014 03:51,1.5148000000000001
1426,13-06-2014 04:51,1.1193000000000004
1427,13-06-2014 05:51,1.0038000000000005
1428,13-06-2014 06:51,0.4434999999999993
1429,13-06-2014 07:51,1.095000000000001
1432,13-06-2014 10:51,9.66
1433,13-06-2014 11:51,9.92
1434,13-06-2014 12:51,9.9
1446,14-06-2014 00:51,5.9475
1447,14-06-2014 01:51,4.0397
1449,14-06-2014 03:51,4.955
1492,15-06-2014 22:51,10.0
1493,15-06-2014 23:51,10.0
1494,16-06-2014 00:51,9.99
1495,16-06-2014 01:51,10.0
1496,16-06-2014 02:51,10.0
1498,16-06-2014 04:51,10.0
1499,16-06-2014 05:51,10.0
1500,16-06-2014 06:51,10.0
1501,16-06-2014 07:51,10.0
1502,16-06-2014 08:51,10.0
1523,17-06-2014 05:51,9.78
1556,18-06-2014 14:51,10.0
1561,18-06-2014 19:51,10.0
1562,18-06-2014 20:51,9.86
1564,18-06-2014 22:51,10.0
1565,18-06-2014 23:51,10.0
1566,19-06-2014 00:51,9.96
1567,19-06-2014 01:51,9.95
1568,19-06-2014 02:51,10.0
1570,19-06-2014 04:51,9.89
1571,19-06-2014 05:51,9.79
1574,19-06-2014 08:51,9.94
1575,19-06-2014 09:51,10.0
1577,19-06-2014 11:51,10.0
1578,19-06-2014 12:51,10.0
1589,19-06-2014 23:51,8.58
1590,20-06-2014 00:51,10.0
1596,20-06-2014 06:51,10.0
1598,20-06-2014 08:51,10.0
1611,20-06-2014 21:51,10.0
1612,20-06-2014 22:51,10.0
1613,20-06-2014 23:51,10.0
1614,21-06-2014 00:51,10.0
1615,21-06-2014 01:51,10.0
1616,21-06-2014 02:51,10.0
1617,21-06-2014 03:51,10.0
1618,21-06-2014 04:51,10.0
1619,21-06-2014 05:51,10.0
1620,21-06-2014 06:51,10.0
1621,21-06-2014 07:51,10.0
1622,21-06-2014 08:51,10.0
1623,21-06-2014 09:51,10.0
1638,22-06-2014 00:51,9.86
1639,22-06-2014 01:51,9.32
1640,22-06-2014 02:51,9.76
1641,22-06-2014 03:51,9.62
1642,22-06-2014 04:51,9.99
1643,22-06-2014 05:51,9.96
1644,22-06-2014 06:51,10.0
1645,22-06-2014 07:51,10.0
1646,22-06-2014 08:51,10.0
1647,22-06-2014 09:51,10.0
1661,22-06-2014 23:51,9.94
1662,23-06-2014 00:51,9.61
1663,23-06-2014 01:51,9.89
1665,23-06-2014 03:51,9.92
1666,23-06-2014 04:51,8.775
1667,23-06-2014 05:51,9.97
1735,26-06-2014 01:51,9.64
1753,26-06-2014 19:51,10.0
1754,26-06-2014 20:51,9.98
1755,26-06-2014 21:51,10.0
1756,26-06-2014 22:51,9.83
1757,26-06-2014 23:51,9.5
1758,27-06-2014 00:51,10.0
1759,27-06-2014 01:51,10.0
1760,27-06-2014 02:51,9.98
1761,27-06-2014 03:51,9.87
1762,27-06-2014 04:51,10.0
1763,27-06-2014 05:51,10.0
1764,27-06-2014 06:51,10.0
1765,27-06-2014 07:51,10.0
1766,27-06-2014 08:51,10.0
1767,27-06-2014 09:51,9.85
1897,02-07-2014 19:51,9.69
1903,03-07-2014 01:51,9.355
1905,03-07-2014 03:51,9.35
1922,03-07-2014 20:51,9.49
1923,03-07-2014 21:51,9.93
1924,03-07-2014 22:51,9.87
1926,04-07-2014 00:51,9.76
1930,04-07-2014 04:51,8.65
1931,04-07-2014 05:51,7.99
1934,04-07-2014 08:51,10.0
1935,04-07-2014 09:51,10.0
2070,10-07-2014 01:51,9.61
2071,10-07-2014 02:51,9.5
2073,10-07-2014 04:51,9.94
2074,10-07-2014 05:51,9.9
2075,10-07-2014 06:51,10.0
2076,10-07-2014 07:51,10.0
2077,10-07-2014 08:51,10.0
2078,10-07-2014 09:51,10.0
2079,10-07-2014 10:51,10.0
2080,10-07-2014 11:51,10.0
2082,10-07-2014 13:51,10.0
2087,10-07-2014 18:51,10.0
2088,10-07-2014 19:51,10.0
2089,10-07-2014 20:51,10.0
2091,10-07-2014 22:51,10.0
2092,10-07-2014 23:51,10.0
2093,11-07-2014 00:51,10.0
2094,11-07-2014 01:51,10.0
2095,11-07-2014 02:51,10.0
2096,11-07-2014 03:51,10.0
2097,11-07-2014 04:51,10.0
2098,11-07-2014 05:51,10.0
2099,11-07-2014 06:51,10.0
2100,11-07-2014 07:51,10.0
2101,11-07-2014 08:51,10.0
2102,11-07-2014 09:51,10.0
2103,11-07-2014 10:51,10.0
2116,11-07-2014 23:51,6.9675
2118,12-07-2014 01:51,3.34
2119,12-07-2014 02:51,6.4675
2164,14-07-2014 00:51,8.4
2167,14-07-2014 03:51,9.83
2183,14-07-2014 19:51,4.625
2184,14-07-2014 20:51,5.3675
2223,16-07-2014 11:51,10.0
2225,16-07-2014 13:51,10.0
2231,16-07-2014 19:51,9.97
2233,16-07-2014 21:51,10.0
2238,17-07-2014 02:51,10.0
2239,17-07-2014 03:51,10.0
2240,17-07-2014 04:51,10.0
2243,17-07-2014 07:51,10.0
2263,18-07-2014 03:51,10.0
2265,18-07-2014 05:51,9.97
2266,18-07-2014 06:51,10.0
2267,18-07-2014 07:51,10.0
2268,18-07-2014 08:51,10.0
2269,18-07-2014 09:51,10.0
2270,18-07-2014 10:51,10.0
2271,18-07-2014 11:51,10.0
2272,18-07-2014 12:51,10.0
2283,18-07-2014 23:51,9.97
2287,19-07-2014 03:51,10.0
2288,19-07-2014 04:51,9.97
2289,19-07-2014 05:51,10.0
2290,19-07-2014 06:51,10.0
2291,19-07-2014 07:51,10.0
2292,19-07-2014 08:51,10.0
2293,19-07-2014 09:51,10.0
2294,19-07-2014 10:51,10.0
2295,19-07-2014 11:51,10.0
2296,19-07-2014 12:51,10.0
2298,19-07-2014 14:51,10.0
2299,19-07-2014 15:51,10.0
2300,19-07-2014 16:51,10.0
2301,19-07-2014 17:51,10.0
2302,19-07-2014 18:51,10.0
2303,19-07-2014 19:51,10.0
2304,19-07-2014 20:51,10.0
2305,19-07-2014 21:51,10.0
2306,19-07-2014 22:51,10.0
2307,19-07-2014 23:51,10.0
2308,20-07-2014 00:51,10.0
2309,20-07-2014 01:51,10.0
2310,20-07-2014 02:51,10.0
2311,20-07-2014 03:51,10.0
2312,20-07-2014 04:51,10.0
2313,20-07-2014 05:51,10.0
2314,20-07-2014 06:51,10.0
2315,20-07-2014 07:51,10.0
2316,20-07-2014 08:51,10.0
2317,20-07-2014 09:51,10.0
2318,20-07-2014 10:51,10.0
2319,20-07-2014 11:51,9.97
2320,20-07-2014 12:51,10.0
2321,20-07-2014 13:51,10.0
2327,20-07-2014 19:51,9.81
2328,20-07-2014 20:51,10.0
2329,20-07-2014 21:51,10.0
2330,20-07-2014 22:51,10.0
2331,20-07-2014 23:51,10.0
2333,21-07-2014 01:51,9.83
2334,21-07-2014 02:51,10.0
2335,21-07-2014 03:51,9.98
2337,21-07-2014 05:51,9.73
2338,21-07-2014 06:51,10.0
2339,21-07-2014 07:51,10.0
2340,21-07-2014 08:51,10.0
2342,21-07-2014 10:51,10.0
2414,24-07-2014 10:51,9.98
2417,24-07-2014 13:51,10.0
2420,24-07-2014 16:51,10.0
2421,24-07-2014 17:51,10.0
2422,24-07-2014 18:51,10.0
2424,24-07-2014 20:51,10.0
2425,24-07-2014 21:51,10.0
2434,25-07-2014 06:51,10.0
2435,25-07-2014 07:51,10.0
2437,25-07-2014 09:51,10.0
2438,25-07-2014 10:51,10.0
2547,29-07-2014 23:51,10.0
2548,30-07-2014 00:51,10.0
2551,30-07-2014 03:51,10.0
2555,30-07-2014 07:51,10.0
2556,30-07-2014 08:51,10.0
2557,30-07-2014 09:51,10.0
2618,01-08-2014 22:51,9.96
2619,01-08-2014 23:51,9.92
2620,02-08-2014 00:51,9.22
2621,02-08-2014 01:51,9.42
2622,02-08-2014 02:51,9.5
2623,02-08-2014 03:51,9.37
2624,02-08-2014 04:51,7.82
2625,02-08-2014 05:51,8.0
2626,02-08-2014 06:51,8.09
2627,02-08-2014 07:51,6.665
2628,02-08-2014 08:51,6.9075
2629,02-08-2014 09:51,9.51
2630,02-08-2014 10:51,9.58
2631,02-08-2014 11:51,10.0
2632,02-08-2014 12:51,10.0
2633,02-08-2014 13:51,10.0
2634,02-08-2014 14:51,10.0
2635,02-08-2014 15:51,10.0
2636,02-08-2014 16:51,10.0
2637,02-08-2014 17:51,9.94
2638,02-08-2014 18:51,9.98
2639,02-08-2014 19:51,9.99
2640,02-08-2014 20:51,10.0
2641,02-08-2014 21:51,9.93
2642,02-08-2014 22:51,9.95
2643,02-08-2014 23:51,9.86
2644,03-08-2014 00:51,10.0
2645,03-08-2014 01:51,10.0
2646,03-08-2014 02:51,10.0
2647,03-08-2014 03:51,10.0
2648,03-08-2014 04:51,9.39
2649,03-08-2014 05:51,8.8
2650,03-08-2014 06:51,6.22
2651,03-08-2014 07:51,7.61
2652,03-08-2014 08:51,9.24
2653,03-08-2014 09:51,9.95
2654,03-08-2014 10:51,10.0
2655,03-08-2014 11:51,9.94
2699,05-08-2014 07:51,9.96
2700,05-08-2014 08:51,9.96
2716,06-08-2014 00:51,9.98
2725,06-08-2014 09:51,10.0
2736,06-08-2014 20:51,10.0
2764,08-08-2014 00:51,9.88
2779,08-08-2014 15:51,10.0
2780,08-08-2014 16:51,10.0
2784,08-08-2014 20:51,10.0
2785,08-08-2014 21:51,10.0
2786,08-08-2014 22:51,10.0
2788,09-08-2014 00:51,10.0
2791,09-08-2014 03:51,10.0
2793,09-08-2014 05:51,10.0
2796,09-08-2014 08:51,10.0
2807,09-08-2014 19:51,10.0
2808,09-08-2014 20:51,10.0
2815,10-08-2014 03:51,9.95
2816,10-08-2014 04:51,10.0
2818,10-08-2014 06:51,10.0
2820,10-08-2014 08:51,10.0
2821,10-08-2014 09:51,10.0
2834,10-08-2014 22:51,10.0
2842,11-08-2014 06:51,9.93
2843,11-08-2014 07:51,10.0
2880,12-08-2014 20:51,9.99
2886,13-08-2014 02:51,4.0775
2887,13-08-2014 03:51,7.1525
2888,13-08-2014 04:51,5.7362
2889,13-08-2014 05:51,6.94
2890,13-08-2014 06:51,3.8174
3026,18-08-2014 22:51,9.54
3027,18-08-2014 23:51,9.53
3028,19-08-2014 00:51,9.79
3029,19-08-2014 01:51,9.35
3030,19-08-2014 02:51,10.0
3031,19-08-2014 03:51,9.98
3032,19-08-2014 04:51,10.0
3033,19-08-2014 05:51,9.98
3034,19-08-2014 06:51,9.95
3035,19-08-2014 07:51,10.0
3036,19-08-2014 08:51,10.0
3038,19-08-2014 10:51,10.0
3051,19-08-2014 23:51,9.84
3052,20-08-2014 00:51,9.14
3053,20-08-2014 01:51,9.88
3054,20-08-2014 02:51,9.59
3055,20-08-2014 03:51,9.04
3056,20-08-2014 04:51,9.225
3057,20-08-2014 05:51,9.89
3058,20-08-2014 06:51,9.683333333333332
3080,21-08-2014 04:51,10.0
3081,21-08-2014 05:51,9.961666666666668
3101,22-08-2014 01:51,8.8
3102,22-08-2014 02:51,9.54
3103,22-08-2014 03:51,9.49
3104,22-08-2014 04:51,10.0
3105,22-08-2014 05:51,8.995
3106,22-08-2014 06:51,9.62
3107,22-08-2014 07:51,10.0
3108,22-08-2014 08:51,10.0
3109,22-08-2014 09:51,10.0
3111,22-08-2014 11:51,10.0
3113,22-08-2014 13:51,9.98
3114,22-08-2014 14:51,9.98
3115,22-08-2014 15:51,9.24
3116,22-08-2014 16:51,9.33
3117,22-08-2014 17:51,9.98
3118,22-08-2014 18:51,10.0
3119,22-08-2014 19:51,10.0
3120,22-08-2014 20:51,10.0
3121,22-08-2014 21:51,10.0
3122,22-08-2014 22:51,10.0
3123,22-08-2014 23:51,10.0
3124,23-08-2014 00:51,10.0
3125,23-08-2014 01:51,9.99
3126,23-08-2014 02:51,10.0
3127,23-08-2014 03:51,10.0
3128,23-08-2014 04:51,10.0
3129,23-08-2014 05:51,9.9
3130,23-08-2014 06:51,10.0
3131,23-08-2014 07:51,10.0
3132,23-08-2014 08:51,10.0
3133,23-08-2014 09:51,10.0
3134,23-08-2014 10:51,10.0
3135,23-08-2014 11:51,10.0
3141,23-08-2014 17:51,10.0
3142,23-08-2014 18:51,10.0
3143,23-08-2014 19:51,10.0
3144,23-08-2014 20:51,10.0
3145,23-08-2014 21:51,10.0
3146,23-08-2014 22:51,10.0
3147,23-08-2014 23:51,10.0
3148,24-08-2014 00:51,10.0
3149,24-08-2014 01:51,9.77
3150,24-08-2014 02:51,10.0
3151,24-08-2014 03:51,9.95
3154,24-08-2014 06:51,10.0
3155,24-08-2014 07:51,10.0
3157,24-08-2014 09:51,10.0
3158,24-08-2014 10:51,10.0
3159,24-08-2014 11:51,10.0
3167,24-08-2014 19:51,10.0
3168,24-08-2014 20:51,10.0
3169,24-08-2014 21:51,10.0
3170,24-08-2014 22:51,9.94
3171,24-08-2014 23:51,10.0
3172,25-08-2014 00:51,10.0
3173,25-08-2014 01:51,9.97
3174,25-08-2014 02:51,8.93
3177,25-08-2014 05:51,10.0
3181,25-08-2014 09:51,10.0
3183,25-08-2014 11:51,10.0
3184,25-08-2014 12:51,10.0
3185,25-08-2014 13:51,10.0
3192,25-08-2014 20:51,10.0
3197,26-08-2014 01:51,10.0
3198,26-08-2014 02:51,9.94
3199,26-08-2014 03:51,9.84
3200,26-08-2014 04:51,9.76
3201,26-08-2014 05:51,9.95
3204,26-08-2014 08:51,9.49
3242,27-08-2014 22:51,8.624
3246,28-08-2014 02:51,9.95
3247,28-08-2014 03:51,9.9
3248,28-08-2014 04:51,9.94
3277,29-08-2014 09:51,10.0
3278,29-08-2014 10:51,10.0
3279,29-08-2014 11:51,10.0
3297,30-08-2014 05:51,9.35
3298,30-08-2014 06:51,9.95
3364,02-09-2014 00:51,9.13
3400,03-09-2014 12:51,10.0
3403,03-09-2014 15:51,10.0
3409,03-09-2014 21:51,9.94
3410,03-09-2014 22:51,10.0
3411,03-09-2014 23:51,10.0
3412,04-09-2014 00:51,10.0
3413,04-09-2014 01:51,9.98
3415,04-09-2014 03:51,10.0
3416,04-09-2014 04:51,10.0
3417,04-09-2014 05:51,10.0
3418,04-09-2014 06:51,10.0
3420,04-09-2014 08:51,10.0
3483,06-09-2014 23:51,9.77
3495,07-09-2014 11:51,10.0
3496,07-09-2014 12:51,10.0
3497,07-09-2014 13:51,10.0
3498,07-09-2014 14:51,10.0
3499,07-09-2014 15:51,10.0
3500,07-09-2014 16:51,10.0
3503,07-09-2014 19:51,10.0
3504,07-09-2014 20:51,9.96
3505,07-09-2014 21:51,10.0
3506,07-09-2014 22:51,10.0
3507,07-09-2014 23:51,10.0
3508,08-09-2014 00:51,10.0
3509,08-09-2014 01:51,9.97
3510,08-09-2014 02:51,10.0
3511,08-09-2014 03:51,10.0
3512,08-09-2014 04:51,10.0
3513,08-09-2014 05:51,9.99
3514,08-09-2014 06:51,9.95
3515,08-09-2014 07:51,10.0
3516,08-09-2014 08:51,10.0
3517,08-09-2014 09:51,10.0
3518,08-09-2014 10:51,10.0
3519,08-09-2014 11:51,10.0
3520,08-09-2014 12:51,10.0
3521,08-09-2014 13:51,10.0
3522,08-09-2014 14:51,10.0
3523,08-09-2014 15:51,10.0
3524,08-09-2014 16:51,10.0
3525,08-09-2014 17:51,10.0
3526,08-09-2014 18:51,10.0
3527,08-09-2014 19:51,10.0
3528,08-09-2014 20:51,10.0
3529,08-09-2014 21:51,10.0
3530,08-09-2014 22:51,10.0
3531,08-09-2014 23:51,10.0
3532,09-09-2014 00:51,10.0
3533,09-09-2014 01:51,10.0
3534,09-09-2014 02:51,10.0
3535,09-09-2014 03:51,10.0
3536,09-09-2014 04:51,10.0
3537,09-09-2014 05:51,10.0
3538,09-09-2014 06:51,10.0
3539,09-09-2014 07:51,10.0
3540,09-09-2014 08:51,10.0
3541,09-09-2014 09:51,10.0
3542,09-09-2014 10:51,10.0
3543,09-09-2014 11:51,10.0
3544,09-09-2014 12:51,10.0
3545,09-09-2014 13:51,10.0
3546,09-09-2014 14:51,10.0
3547,09-09-2014 15:51,10.0
3548,09-09-2014 16:51,10.0
3549,09-09-2014 17:51,10.0
3550,09-09-2014 18:51,10.0
3551,09-09-2014 19:51,10.0
3552,09-09-2014 20:51,10.0
3553,09-09-2014 21:51,10.0
3554,09-09-2014 22:51,10.0
3555,09-09-2014 23:51,10.0
3556,10-09-2014 00:51,10.0
3557,10-09-2014 01:51,10.0
3558,10-09-2014 02:51,9.99
3559,10-09-2014 03:51,9.815
3560,10-09-2014 04:51,9.835
3561,10-09-2014 05:51,9.735
3562,10-09-2014 06:51,10.0
3563,10-09-2014 07:51,10.0
3564,10-09-2014 08:51,10.0
3565,10-09-2014 09:51,10.0
3566,10-09-2014 10:51,10.0
3567,10-09-2014 11:51,10.0
3605,12-09-2014 01:51,10.0
3606,12-09-2014 02:51,10.0
3607,12-09-2014 03:51,10.0
3608,12-09-2014 04:51,10.0
3609,12-09-2014 05:51,10.0
3610,12-09-2014 06:51,10.0
3612,12-09-2014 08:51,10.0
3613,12-09-2014 09:51,10.0
3615,12-09-2014 11:51,10.0
3616,12-09-2014 12:51,10.0
3617,12-09-2014 13:51,10.0
3618,12-09-2014 14:51,10.0
3619,12-09-2014 15:51,10.0
3620,12-09-2014 16:51,10.0
3621,12-09-2014 17:51,10.0
3622,12-09-2014 18:51,10.0
3623,12-09-2014 19:51,10.0
3624,12-09-2014 20:51,10.0
3625,12-09-2014 21:51,10.0
3626,12-09-2014 22:51,10.0
3627,12-09-2014 23:51,10.0
3628,13-09-2014 00:51,10.0
3629,13-09-2014 01:51,10.0
3630,13-09-2014 02:51,10.0
3631,13-09-2014 03:51,10.0
3632,13-09-2014 04:51,10.0
3633,13-09-2014 05:51,10.0
3634,13-09-2014 06:51,10.0
3635,13-09-2014 07:51,9.99
3636,13-09-2014 08:51,10.0
3637,13-09-2014 09:51,10.0
3638,13-09-2014 10:51,9.94
3639,13-09-2014 11:51,10.0
3640,13-09-2014 12:51,10.0
3641,13-09-2014 13:51,10.0
3642,13-09-2014 14:51,5.61
3643,13-09-2014 15:51,8.41
3644,13-09-2014 16:51,9.59
3645,13-09-2014 17:51,8.36
3648,13-09-2014 20:51,8.795
3654,14-09-2014 02:51,10.0
3659,14-09-2014 07:51,10.0
3661,14-09-2014 09:51,10.0
3677,15-09-2014 01:51,10.0
3678,15-09-2014 02:51,10.0
3679,15-09-2014 03:51,10.0
3680,15-09-2014 04:51,10.0
3681,15-09-2014 05:51,10.0
3682,15-09-2014 06:51,10.0
3683,15-09-2014 07:51,10.0
3684,15-09-2014 08:51,10.0
3685,15-09-2014 09:51,10.0
3704,16-09-2014 04:51,10.0
3709,16-09-2014 09:51,7.87
3710,16-09-2014 10:51,7.355
3711,16-09-2014 11:51,9.07
3712,16-09-2014 12:51,9.81
3717,16-09-2014 17:51,10.0
3718,16-09-2014 18:51,9.85
3719,16-09-2014 19:51,10.0
3720,16-09-2014 20:51,10.0
3721,16-09-2014 21:51,9.81
3725,17-09-2014 01:51,10.0
3728,17-09-2014 04:51,10.0
3730,17-09-2014 06:51,10.0
3731,17-09-2014 07:51,10.0
3734,17-09-2014 10:51,10.0
3744,17-09-2014 20:51,10.0
3752,18-09-2014 04:51,10.0
3758,18-09-2014 10:51,10.0
3764,18-09-2014 16:51,10.0
3769,18-09-2014 21:51,10.0
3770,18-09-2014 22:51,10.0
3771,18-09-2014 23:51,10.0
3772,19-09-2014 00:51,10.0
3773,19-09-2014 01:51,10.0
3774,19-09-2014 02:51,10.0
3775,19-09-2014 03:51,10.0
3776,19-09-2014 04:51,10.0
3777,19-09-2014 05:51,10.0
3778,19-09-2014 06:51,10.0
3779,19-09-2014 07:51,10.0
3780,19-09-2014 08:51,10.0
3781,19-09-2014 09:51,10.0
3782,19-09-2014 10:51,10.0
3783,19-09-2014 11:51,10.0
3784,19-09-2014 12:51,10.0
3785,19-09-2014 13:51,10.0
3788,19-09-2014 16:51,10.0
3789,19-09-2014 17:51,10.0
3790,19-09-2014 18:51,10.0
3791,19-09-2014 19:51,10.0
3792,19-09-2014 20:51,10.0
3793,19-09-2014 21:51,10.0
3794,19-09-2014 22:51,10.0
3797,20-09-2014 01:51,10.0
3798,20-09-2014 02:51,10.0
3799,20-09-2014 03:51,10.0
3800,20-09-2014 04:51,10.0
3801,20-09-2014 05:51,9.99
3802,20-09-2014 06:51,9.95
3815,20-09-2014 19:51,9.92
3820,21-09-2014 00:51,3.1825
3821,21-09-2014 01:51,3.41875
3823,21-09-2014 03:51,5.50125
3824,21-09-2014 04:51,9.22
3825,21-09-2014 05:51,6.7175
3827,21-09-2014 07:51,7.1912
3828,21-09-2014 08:51,8.94
3829,21-09-2014 09:51,9.91
3836,21-09-2014 16:51,9.682
3875,23-09-2014 07:51,9.98
3876,23-09-2014 08:51,10.0
3877,23-09-2014 09:51,10.0
3890,23-09-2014 22:51,9.98
3891,23-09-2014 23:51,10.0
3892,24-09-2014 00:51,9.91
3893,24-09-2014 01:51,10.0
3894,24-09-2014 02:51,10.0
3895,24-09-2014 03:51,9.98
3896,24-09-2014 04:51,9.46
3897,24-09-2014 05:51,10.0
3898,24-09-2014 06:51,9.89
3899,24-09-2014 07:51,9.63
3900,24-09-2014 08:51,10.0
3901,24-09-2014 09:51,9.96
3902,24-09-2014 10:51,10.0
3903,24-09-2014 11:51,10.0
3904,24-09-2014 12:51,9.98
3905,24-09-2014 13:51,10.0
3906,24-09-2014 14:51,10.0
3907,24-09-2014 15:51,10.0
3908,24-09-2014 16:51,10.0
3909,24-09-2014 17:51,10.0
3910,24-09-2014 18:51,10.0
3911,24-09-2014 19:51,10.0
3912,24-09-2014 20:51,9.98
3913,24-09-2014 21:51,9.99
3914,24-09-2014 22:51,10.0
3915,24-09-2014 23:51,10.0
3916,25-09-2014 00:51,10.0
3917,25-09-2014 01:51,10.0
3918,25-09-2014 02:51,10.0
3919,25-09-2014 03:51,10.0
3920,25-09-2014 04:51,10.0
3921,25-09-2014 05:51,10.0
3922,25-09-2014 06:51,6.345
3923,25-09-2014 07:51,7.98
3924,25-09-2014 08:51,7.17
3925,25-09-2014 09:51,6.99
3926,25-09-2014 10:51,7.99
3927,25-09-2014 11:51,7.745
3928,25-09-2014 12:51,9.6
3929,25-09-2014 13:51,9.56
3930,25-09-2014 14:51,9.29
3931,25-09-2014 15:51,9.9
3932,25-09-2014 16:51,9.88
3933,25-09-2014 17:51,9.84
3934,25-09-2014 18:51,9.86
3935,25-09-2014 19:51,10.0
3936,25-09-2014 20:51,10.0
3937,25-09-2014 21:51,10.0
3939,25-09-2014 23:51,9.94
3945,26-09-2014 05:51,10.0
3947,26-09-2014 07:51,10.0
3948,26-09-2014 08:51,10.0
3949,26-09-2014 09:51,10.0
3950,26-09-2014 10:51,10.0
3951,26-09-2014 11:51,10.0
3952,26-09-2014 12:51,10.0
3953,26-09-2014 13:51,10.0
3954,26-09-2014 14:51,10.0
3955,26-09-2014 15:51,10.0
3959,26-09-2014 19:51,9.86
3960,26-09-2014 20:51,9.97
3961,26-09-2014 21:51,10.0
3962,26-09-2014 22:51,9.95
3964,27-09-2014 00:51,9.58
3972,27-09-2014 08:51,10.0
3973,27-09-2014 09:51,10.0
3975,27-09-2014 11:51,10.0
3977,27-09-2014 13:51,10.0
3982,27-09-2014 18:51,10.0
3995,28-09-2014 07:51,9.91
3996,28-09-2014 08:51,9.95
4019,29-09-2014 07:51,9.82
4021,29-09-2014 09:51,10.0
4022,29-09-2014 10:51,10.0
4029,29-09-2014 17:51,8.93
4038,30-09-2014 02:51,9.19
4039,30-09-2014 03:51,8.12
4043,30-09-2014 07:51,10.0
4044,30-09-2014 08:51,10.0
4045,30-09-2014 09:51,9.98
4046,30-09-2014 10:51,10.0
4047,30-09-2014 11:51,9.38
4048,30-09-2014 12:51,7.6
4049,30-09-2014 13:51,9.105
4050,30-09-2014 14:51,9.96
4051,30-09-2014 15:51,9.94
4052,30-09-2014 16:51,9.99
4053,30-09-2014 17:51,10.0
4054,30-09-2014 18:51,10.0
4055,30-09-2014 19:51,10.0
4056,30-09-2014 20:51,9.98
4057,30-09-2014 21:51,10.0
4058,30-09-2014 22:51,8.06
4059,30-09-2014 23:51,8.94
4060,01-10-2014 00:51,9.22
4061,01-10-2014 01:51,9.83
4062,01-10-2014 02:51,9.565
4063,01-10-2014 03:51,9.81
4064,01-10-2014 04:51,9.595
4065,01-10-2014 05:51,8.79
4066,01-10-2014 06:51,9.91
4067,01-10-2014 07:51,9.91
4068,01-10-2014 08:51,9.99
4069,01-10-2014 09:51,10.0
4070,01-10-2014 10:51,10.0
4071,01-10-2014 11:51,10.0
4072,01-10-2014 12:51,10.0
4073,01-10-2014 13:51,10.0
4074,01-10-2014 14:51,10.0
4075,01-10-2014 15:51,10.0
4076,01-10-2014 16:51,10.0
4077,01-10-2014 17:51,10.0
4078,01-10-2014 18:51,10.0
4079,01-10-2014 19:51,10.0
4080,01-10-2014 20:51,10.0
4081,01-10-2014 21:51,10.0
4082,01-10-2014 22:51,10.0
4083,01-10-2014 23:51,10.0
4084,02-10-2014 00:51,9.74
4085,02-10-2014 01:51,9.705
4086,02-10-2014 02:51,9.99
4087,02-10-2014 03:51,9.99
4088,02-10-2014 04:51,9.99
4089,02-10-2014 05:51,9.85
4090,02-10-2014 06:51,10.0
4091,02-10-2014 07:51,10.0
4092,02-10-2014 08:51,10.0
4093,02-10-2014 09:51,10.0
4094,02-10-2014 10:51,10.0
4095,02-10-2014 11:51,10.0
4096,02-10-2014 12:51,10.0
4097,02-10-2014 13:51,10.0
4098,02-10-2014 14:51,10.0
4099,02-10-2014 15:51,10.0
4100,02-10-2014 16:51,9.94
4101,02-10-2014 17:51,9.97
4102,02-10-2014 18:51,10.0
4103,02-10-2014 19:51,10.0
4104,02-10-2014 20:51,10.0
4105,02-10-2014 21:51,9.07
4106,02-10-2014 22:51,9.98
4107,02-10-2014 23:51,9.97
4108,03-10-2014 00:51,10.0
4109,03-10-2014 01:51,9.97
4110,03-10-2014 02:51,9.99
4111,03-10-2014 03:51,10.0
4112,03-10-2014 04:51,9.94
4115,03-10-2014 07:51,9.99
4116,03-10-2014 08:51,10.0
4117,03-10-2014 09:51,10.0
4126,03-10-2014 18:51,10.0
4180,06-10-2014 00:51,9.99
4181,06-10-2014 01:51,9.9
4182,06-10-2014 02:51,9.88
4183,06-10-2014 03:51,9.93
4184,06-10-2014 04:51,9.94
4185,06-10-2014 05:51,9.89
4186,06-10-2014 06:51,10.0
4285,10-10-2014 09:51,9.98
4287,10-10-2014 11:51,9.86
4297,10-10-2014 21:51,10.0
4298,10-10-2014 22:51,9.99
4299,10-10-2014 23:51,10.0
4300,11-10-2014 00:51,10.0
4301,11-10-2014 01:51,10.0
4302,11-10-2014 02:51,9.96
4303,11-10-2014 03:51,10.0
4304,11-10-2014 04:51,5.81
4305,11-10-2014 05:51,3.305
4306,11-10-2014 06:51,5.4625
4307,11-10-2014 07:51,4.7525
4308,11-10-2014 08:51,6.805
4309,11-10-2014 09:51,7.46
4310,11-10-2014 10:51,9.49
4311,11-10-2014 11:51,9.39
4312,11-10-2014 12:51,9.96
4313,11-10-2014 13:51,9.99
4314,11-10-2014 14:51,10.0
4315,11-10-2014 15:51,10.0
4316,11-10-2014 16:51,10.0
4322,11-10-2014 22:51,9.9
4323,11-10-2014 23:51,9.9
4324,12-10-2014 00:51,9.98
4326,12-10-2014 02:51,9.82
4332,12-10-2014 08:51,10.0
4333,12-10-2014 09:51,10.0
4334,12-10-2014 10:51,10.0
4335,12-10-2014 11:51,10.0
4336,12-10-2014 12:51,10.0
4337,12-10-2014 13:51,10.0
4342,12-10-2014 18:51,10.0
4345,12-10-2014 21:51,10.0
4346,12-10-2014 22:51,9.93
4347,12-10-2014 23:51,10.0
4348,13-10-2014 00:51,9.97
4349,13-10-2014 01:51,10.0
4350,13-10-2014 02:51,9.97
4351,13-10-2014 03:51,10.0
4352,13-10-2014 04:51,9.88
4353,13-10-2014 05:51,10.0
4354,13-10-2014 06:51,9.94
4355,13-10-2014 07:51,9.94
4356,13-10-2014 08:51,9.98
4542,21-10-2014 02:51,9.985
4545,21-10-2014 05:51,9.93
4546,21-10-2014 06:51,10.0
4547,21-10-2014 07:51,9.91
4548,21-10-2014 08:51,10.0
4549,21-10-2014 09:51,10.0
4550,21-10-2014 10:51,10.0
4551,21-10-2014 11:51,9.74
4553,21-10-2014 13:51,9.415
4554,21-10-2014 14:51,9.75
4555,21-10-2014 15:51,9.96
4556,21-10-2014 16:51,9.84
4557,21-10-2014 17:51,10.0
4558,21-10-2014 18:51,9.99
4560,21-10-2014 20:51,9.73
4561,21-10-2014 21:51,10.0
4562,21-10-2014 22:51,10.0
4563,21-10-2014 23:51,10.0
4564,22-10-2014 00:51,10.0
4565,22-10-2014 01:51,7.715
4566,22-10-2014 02:51,4.625
4568,22-10-2014 04:51,7.905
4569,22-10-2014 05:51,8.04
4570,22-10-2014 06:51,7.8
4571,22-10-2014 07:51,4.89
4572,22-10-2014 08:51,8.975
4573,22-10-2014 09:51,9.31
4574,22-10-2014 10:51,9.13
4575,22-10-2014 11:51,9.81
4576,22-10-2014 12:51,9.99
4577,22-10-2014 13:51,10.0
4578,22-10-2014 14:51,10.0
4586,22-10-2014 22:51,7.78
4587,22-10-2014 23:51,9.38
4588,23-10-2014 00:51,9.98
4589,23-10-2014 01:51,9.95
4627,24-10-2014 15:51,10.0
4628,24-10-2014 16:51,10.0
4629,24-10-2014 17:51,10.0
4630,24-10-2014 18:51,9.96
4633,24-10-2014 21:51,9.6
4707,27-10-2014 23:51,10.0
4760,30-10-2014 04:51,9.548666666666668
4781,31-10-2014 01:51,9.976666666666667
4782,31-10-2014 02:51,9.986666666666666
4783,31-10-2014 03:51,10.0
4785,31-10-2014 05:51,10.0
4787,31-10-2014 07:51,10.0
4789,31-10-2014 09:51,10.0
4790,31-10-2014 10:51,10.0
4791,31-10-2014 11:51,10.0
4792,31-10-2014 12:51,10.0
4793,31-10-2014 13:51,10.0
4794,31-10-2014 14:51,9.95
4795,31-10-2014 15:51,10.0
4796,31-10-2014 16:51,10.0
4797,31-10-2014 17:51,9.99
4798,31-10-2014 18:51,10.0
4799,31-10-2014 19:51,10.0
4800,31-10-2014 20:51,10.0
4801,31-10-2014 21:51,8.7
4802,31-10-2014 22:51,9.815
4803,31-10-2014 23:51,9.5
4804,01-11-2014 00:51,9.905
4805,01-11-2014 01:51,9.66
4806,01-11-2014 02:51,10.0
4807,01-11-2014 03:51,10.0
4808,01-11-2014 04:51,10.0
4809,01-11-2014 05:51,10.0
4810,01-11-2014 06:51,9.88
4811,01-11-2014 07:51,8.93
4819,01-11-2014 15:51,7.61
4820,01-11-2014 16:51,9.48
4822,01-11-2014 18:51,9.32
4931,06-11-2014 07:51,8.48
4932,06-11-2014 08:51,8.08
4933,06-11-2014 09:51,8.985
4934,06-11-2014 10:51,3.105
4935,06-11-2014 11:51,4.506666666666667
4936,06-11-2014 12:51,4.215
4937,06-11-2014 13:51,4.6325
4981,08-11-2014 09:51,9.97
5019,09-11-2014 23:51,9.98
5020,10-11-2014 00:51,10.0
5021,10-11-2014 01:51,10.0
5022,10-11-2014 02:51,9.98
5023,10-11-2014 03:51,9.74
5024,10-11-2014 04:51,9.96
5025,10-11-2014 05:51,9.82
5026,10-11-2014 06:51,9.89
5027,10-11-2014 07:51,8.903333333333332
5028,10-11-2014 08:51,9.92
5043,10-11-2014 23:51,10.0
5044,11-11-2014 00:51,9.826
5045,11-11-2014 01:51,8.98
5046,11-11-2014 02:51,9.17
5047,11-11-2014 03:51,8.915166666666668
5048,11-11-2014 04:51,9.1825
5049,11-11-2014 05:51,8.01
5050,11-11-2014 06:51,4.6025
5051,11-11-2014 07:51,4.0549
5052,11-11-2014 08:51,6.383333333333333
5060,11-11-2014 16:51,10.0
5061,11-11-2014 17:51,9.58
5062,11-11-2014 18:51,8.76
5063,11-11-2014 19:51,3.2675
5065,11-11-2014 21:51,2.0562
5066,11-11-2014 22:51,1.6287
5067,11-11-2014 23:51,3.3499
5068,12-11-2014 00:51,1.4136000000000002
5069,12-11-2014 01:51,3.8998000000000004
5070,12-11-2014 02:51,1.0892000000000004
5071,12-11-2014 03:51,1.045
5072,12-11-2014 04:51,1.0124000000000002
5074,12-11-2014 06:51,2.9819000000000004
5075,12-11-2014 07:51,0.1711
5076,12-11-2014 08:51,1.9798000000000002
5088,12-11-2014 20:51,10.0
5092,13-11-2014 00:51,9.97
5097,13-11-2014 05:51,9.99
5101,13-11-2014 09:51,10.0
5102,13-11-2014 10:51,10.0
5103,13-11-2014 11:51,9.99
5160,15-11-2014 20:51,10.0
5161,15-11-2014 21:51,10.0
5162,15-11-2014 22:51,10.0
5163,15-11-2014 23:51,10.0
5164,16-11-2014 00:51,9.795
5165,16-11-2014 01:51,9.99
5166,16-11-2014 02:51,9.94
5167,16-11-2014 03:51,9.99
5168,16-11-2014 04:51,10.0
5169,16-11-2014 05:51,9.93
5188,17-11-2014 00:51,9.92
5189,17-11-2014 01:51,9.16
5190,17-11-2014 02:51,5.99
5191,17-11-2014 03:51,6.1575
5192,17-11-2014 04:51,4.63
5193,17-11-2014 05:51,3.095
5194,17-11-2014 06:51,3.47
5195,17-11-2014 07:51,5.2475
5197,17-11-2014 09:51,3.7075
5198,17-11-2014 10:51,2.3858000000000006
5200,17-11-2014 12:51,2.02
5201,17-11-2014 13:51,1.4049
5202,17-11-2014 14:51,2.8412
5306,21-11-2014 22:51,10.0
5355,23-11-2014 23:51,9.58
5408,26-11-2014 04:51,10.0
5409,26-11-2014 05:51,10.0
5410,26-11-2014 06:51,10.0
5411,26-11-2014 07:51,7.18
5412,26-11-2014 08:51,5.395
5413,26-11-2014 09:51,3.24
5414,26-11-2014 10:51,2.645
5415,26-11-2014 11:51,5.46
5416,26-11-2014 12:51,3.1
5417,26-11-2014 13:51,3.65
5418,26-11-2014 14:51,3.605
5419,26-11-2014 15:51,7.79
5420,26-11-2014 16:51,6.2325
5484,29-11-2014 08:51,10.0
5512,30-11-2014 12:51,10.0
5524,01-12-2014 00:51,9.64
5527,01-12-2014 03:51,9.873333333333333
5545,01-12-2014 21:51,9.61
5547,01-12-2014 23:51,10.0
5548,02-12-2014 00:51,9.95
5549,02-12-2014 01:51,10.0
5550,02-12-2014 02:51,10.0
5552,02-12-2014 04:51,10.0
5553,02-12-2014 05:51,10.0
5554,02-12-2014 06:51,10.0
5555,02-12-2014 07:51,10.0
5556,02-12-2014 08:51,10.0
5557,02-12-2014 09:51,10.0
5558,02-12-2014 10:51,10.0
5559,02-12-2014 11:51,10.0
5560,02-12-2014 12:51,9.99
5561,02-12-2014 13:51,10.0
5562,02-12-2014 14:51,9.98
5563,02-12-2014 15:51,9.8
5564,02-12-2014 16:51,8.86
5565,02-12-2014 17:51,6.87
5566,02-12-2014 18:51,5.02
5567,02-12-2014 19:51,4.875
5568,02-12-2014 20:51,6.57
5569,02-12-2014 21:51,6.835
5570,02-12-2014 22:51,5.07
5571,02-12-2014 23:51,6.8775
5572,03-12-2014 00:51,8.2887
5573,03-12-2014 01:51,5.7536000000000005
5611,04-12-2014 15:51,10.0
5613,04-12-2014 17:51,10.0
5617,04-12-2014 21:51,10.0
5618,04-12-2014 22:51,9.93
5619,04-12-2014 23:51,10.0
5620,05-12-2014 00:51,10.0
5621,05-12-2014 01:51,10.0
5622,05-12-2014 02:51,10.0
5623,05-12-2014 03:51,10.0
5624,05-12-2014 04:51,10.0
5625,05-12-2014 05:51,10.0
5626,05-12-2014 06:51,10.0
5627,05-12-2014 07:51,10.0
5628,05-12-2014 08:51,10.0
5629,05-12-2014 09:51,10.0
5630,05-12-2014 10:51,9.99
5631,05-12-2014 11:51,10.0
5632,05-12-2014 12:51,10.0
5633,05-12-2014 13:51,10.0
5634,05-12-2014 14:51,10.0
5635,05-12-2014 15:51,10.0
5636,05-12-2014 16:51,7.64
5637,05-12-2014 17:51,8.55
5638,05-12-2014 18:51,5.195
5639,05-12-2014 19:51,5.825
5640,05-12-2014 20:51,6.625
5644,06-12-2014 00:51,5.2662
5648,06-12-2014 04:51,4.905
5649,06-12-2014 05:51,5.5275
5650,06-12-2014 06:51,8.85
5652,06-12-2014 08:51,7.17
5656,06-12-2014 12:51,4.875
5657,06-12-2014 13:51,3.23
5658,06-12-2014 14:51,2.9975
5660,06-12-2014 16:51,5.2337
5661,06-12-2014 17:51,7.505
5662,06-12-2014 18:51,7.9425
5666,06-12-2014 22:51,6.6325
5686,07-12-2014 18:51,10.0
5687,07-12-2014 19:51,10.0
5688,07-12-2014 20:51,10.0
5689,07-12-2014 21:51,10.0
5690,07-12-2014 22:51,10.0
5691,07-12-2014 23:51,10.0
5692,08-12-2014 00:51,10.0
5693,08-12-2014 01:51,10.0
5694,08-12-2014 02:51,10.0
5695,08-12-2014 03:51,10.0
5696,08-12-2014 04:51,9.96
5697,08-12-2014 05:51,9.86
5698,08-12-2014 06:51,10.0
5699,08-12-2014 07:51,9.88
5700,08-12-2014 08:51,9.96
5701,08-12-2014 09:51,10.0
5702,08-12-2014 10:51,10.0
5703,08-12-2014 11:51,10.0
5704,08-12-2014 12:51,9.83
5705,08-12-2014 13:51,10.0
5706,08-12-2014 14:51,10.0
5707,08-12-2014 15:51,10.0
5708,08-12-2014 16:51,9.75
5709,08-12-2014 17:51,9.97
5710,08-12-2014 18:51,10.0
5711,08-12-2014 19:51,9.94
5712,08-12-2014 20:51,10.0
5713,08-12-2014 21:51,10.0
5714,08-12-2014 22:51,10.0
5715,08-12-2014 23:51,10.0
5716,09-12-2014 00:51,10.0
5717,09-12-2014 01:51,9.755
5718,09-12-2014 02:51,7.03
5719,09-12-2014 03:51,6.35
5720,09-12-2014 04:51,7.125
5721,09-12-2014 05:51,4.96
5722,09-12-2014 06:51,4.615
5723,09-12-2014 07:51,4.565
5724,09-12-2014 08:51,3.74
5725,09-12-2014 09:51,3.65
5726,09-12-2014 10:51,2.94
5727,09-12-2014 11:51,3.16
5728,09-12-2014 12:51,2.845
5729,09-12-2014 13:51,2.41
5730,09-12-2014 14:51,2.72
5864,15-12-2014 04:51,9.98
5876,15-12-2014 16:51,10.0
5881,15-12-2014 21:51,9.84
5884,16-12-2014 00:51,9.83
5885,16-12-2014 01:51,9.9135
5886,16-12-2014 02:51,9.81
5887,16-12-2014 03:51,9.705
5888,16-12-2014 04:51,9.015
5889,16-12-2014 05:51,9.63
5890,16-12-2014 06:51,8.1536
5891,16-12-2014 07:51,8.23
5892,16-12-2014 08:51,9.37
5893,16-12-2014 09:51,8.69
5894,16-12-2014 10:51,8.58
5895,16-12-2014 11:51,9.29
5899,16-12-2014 15:51,10.0
5900,16-12-2014 16:51,10.0
5901,16-12-2014 17:51,9.95
5902,16-12-2014 18:51,7.47
5903,16-12-2014 19:51,2.5512
5904,16-12-2014 20:51,4.19
5905,16-12-2014 21:51,2.68
5906,16-12-2014 22:51,2.455
5907,16-12-2014 23:51,2.8425
5981,20-12-2014 01:51,10.0
5982,20-12-2014 02:51,10.0
5985,20-12-2014 05:51,10.0
5986,20-12-2014 06:51,10.0
5987,20-12-2014 07:51,10.0
5989,20-12-2014 09:51,10.0
5994,20-12-2014 14:51,10.0
5995,20-12-2014 15:51,10.0
5996,20-12-2014 16:51,10.0
5998,20-12-2014 18:51,9.94
5999,20-12-2014 19:51,10.0
6000,20-12-2014 20:51,10.0
6001,20-12-2014 21:51,10.0
6002,20-12-2014 22:51,10.0
6003,20-12-2014 23:51,10.0
6004,21-12-2014 00:51,10.0
6005,21-12-2014 01:51,10.0
6006,21-12-2014 02:51,10.0
6007,21-12-2014 03:51,10.0
6025,21-12-2014 21:51,9.93
6029,22-12-2014 01:51,9.93
6030,22-12-2014 02:51,9.92
6031,22-12-2014 03:51,9.89
6032,22-12-2014 04:51,10.0
6034,22-12-2014 06:51,10.0
6035,22-12-2014 07:51,9.91
6037,22-12-2014 09:51,9.43
6038,22-12-2014 10:51,10.0
6039,22-12-2014 11:51,10.0
6040,22-12-2014 12:51,10.0
6041,22-12-2014 13:51,10.0
6042,22-12-2014 14:51,10.0
6043,22-12-2014 15:51,7.37
6044,22-12-2014 16:51,7.48
6045,22-12-2014 17:51,9.63
6046,22-12-2014 18:51,9.77
6047,22-12-2014 19:51,9.85
6048,22-12-2014 20:51,9.465
6049,22-12-2014 21:51,6.7
6050,22-12-2014 22:51,6.17
6051,22-12-2014 23:51,8.74
6052,23-12-2014 00:51,4.855
6053,23-12-2014 01:51,8.15
6054,23-12-2014 02:51,6.435
6055,23-12-2014 03:51,8.57
6056,23-12-2014 04:51,6.1
6057,23-12-2014 05:51,8.585
6058,23-12-2014 06:51,8.865
6059,23-12-2014 07:51,9.815
6060,23-12-2014 08:51,9.35
6061,23-12-2014 09:51,8.12
6062,23-12-2014 10:51,7.825
6063,23-12-2014 11:51,5.805
6064,23-12-2014 12:51,8.78
6065,23-12-2014 13:51,3.26
6066,23-12-2014 14:51,3.13
6067,23-12-2014 15:51,3.375
6068,23-12-2014 16:51,2.9725
6069,23-12-2014 17:51,3.17
6070,23-12-2014 18:51,3.17
6071,23-12-2014 19:51,4.0324
6072,23-12-2014 20:51,1.3775
6073,23-12-2014 21:51,2.2875
6074,23-12-2014 22:51,1.8325
6075,23-12-2014 23:51,1.88
6076,24-12-2014 00:51,1.6725
6077,24-12-2014 01:51,4.63
6078,24-12-2014 02:51,3.635
6079,24-12-2014 03:51,1.6124
6080,24-12-2014 04:51,1.3625
6081,24-12-2014 05:51,1.49
6082,24-12-2014 06:51,1.535
6083,24-12-2014 07:51,2.495
6084,24-12-2014 08:51,3.23
6085,24-12-2014 09:51,2.755
6086,24-12-2014 10:51,3.41
6087,24-12-2014 11:51,3.34
6088,24-12-2014 12:51,2.98
6089,24-12-2014 13:51,1.4025
6090,24-12-2014 14:51,1.835
6208,29-12-2014 12:51,10.0
6222,30-12-2014 02:51,10.0
6223,30-12-2014 03:51,10.0
6224,30-12-2014 04:51,10.0
6227,30-12-2014 07:51,10.0
6228,30-12-2014 08:51,10.0
6229,30-12-2014 09:51,10.0
6230,30-12-2014 10:51,10.0
6241,30-12-2014 21:51,10.0
6242,30-12-2014 22:51,10.0
6243,30-12-2014 23:51,10.0
6245,31-12-2014 01:51,10.0
6246,31-12-2014 02:51,10.0
6247,31-12-2014 03:51,10.0
6257,21-02-2017 04:51,10.0
6258,21-02-2017 05:51,10.0
6259,21-02-2017 06:51,10.0
6260,21-02-2017 07:51,10.0
6261,21-02-2017 08:51,10.0
6296,22-02-2017 19:51,8.7437
6297,22-02-2017 20:51,7.8385
6300,22-02-2017 23:51,7.8536
6302,23-02-2017 01:51,7.8099
6306,23-02-2017 05:51,3.111698809523809
6317,23-02-2017 16:51,9.5212
6318,23-02-2017 17:51,8.8712
6324,23-02-2017 23:51,7.715033333333334
6327,24-02-2017 02:51,7.8837
6330,24-02-2017 05:51,8.1025
6333,24-02-2017 08:51,9.925
6421,28-02-2017 00:51,9.93
6422,28-02-2017 01:51,9.94
6425,28-02-2017 04:51,9.58
6426,28-02-2017 05:51,8.4475
6427,28-02-2017 06:51,9.48
6428,28-02-2017 07:51,9.6975
6429,28-02-2017 08:51,9.93
6441,28-02-2017 20:51,5.2725
6449,01-03-2017 04:51,4.2886
6558,05-03-2017 17:51,10.0
6559,05-03-2017 18:51,10.0
6560,05-03-2017 19:51,10.0
6561,05-03-2017 20:51,10.0
6562,05-03-2017 21:51,10.0
6564,05-03-2017 23:51,10.0
6565,06-03-2017 00:51,10.0
6566,06-03-2017 01:51,9.99
6567,06-03-2017 02:51,10.0
6570,06-03-2017 05:51,10.0
6572,06-03-2017 07:51,10.0
6662,10-03-2017 01:51,10.0
6663,10-03-2017 02:51,9.98
6664,10-03-2017 03:51,9.98
6665,10-03-2017 04:51,9.94
6666,10-03-2017 05:51,9.93
6667,10-03-2017 06:51,9.59
6668,10-03-2017 07:51,1.5512000000000001
6669,10-03-2017 08:51,1.3175
6670,10-03-2017 09:51,1.245
6741,13-03-2017 08:51,10.0
6742,13-03-2017 09:51,10.0
6753,13-03-2017 20:51,10.0
6754,13-03-2017 21:51,10.0
6755,13-03-2017 22:51,10.0
6756,13-03-2017 23:51,10.0
6757,14-03-2017 00:51,2.9925
6758,14-03-2017 01:51,5.335
6759,14-03-2017 02:51,1.3325
6760,14-03-2017 03:51,0.695
6761,14-03-2017 04:51,1.56
6762,14-03-2017 05:51,2.85
6763,14-03-2017 06:51,2.7175
6764,14-03-2017 07:51,3.095
6765,14-03-2017 08:51,2.32
6766,14-03-2017 09:51,2.6625
6767,14-03-2017 10:51,3.04
6768,14-03-2017 11:51,2.9475
6769,14-03-2017 12:51,2.76
6853,18-03-2017 00:51,10.0
6855,18-03-2017 02:51,9.89
6857,18-03-2017 04:51,9.915
6858,18-03-2017 05:51,10.0
6859,18-03-2017 06:51,10.0
6860,18-03-2017 07:51,10.0
6861,18-03-2017 08:51,10.0
6862,18-03-2017 09:51,9.97
6863,18-03-2017 10:51,10.0
6864,18-03-2017 11:51,9.96
6865,18-03-2017 12:51,9.91
6866,18-03-2017 13:51,9.99
6867,18-03-2017 14:51,8.205
6868,18-03-2017 15:51,3.82
6869,18-03-2017 16:51,3.95
6870,18-03-2017 17:51,2.825
6871,18-03-2017 18:51,5.55
6872,18-03-2017 19:51,9.3
6873,18-03-2017 20:51,9.91
6874,18-03-2017 21:51,9.89
6875,18-03-2017 22:51,10.0
6876,18-03-2017 23:51,9.98
6877,19-03-2017 00:51,9.99
6878,19-03-2017 01:51,9.96
6879,19-03-2017 02:51,9.99
6880,19-03-2017 03:51,9.99
6881,19-03-2017 04:51,9.84
6882,19-03-2017 05:51,10.0
6883,19-03-2017 06:51,9.86
6884,19-03-2017 07:51,9.98
6885,19-03-2017 08:51,9.74
6886,19-03-2017 09:51,10.0
6887,19-03-2017 10:51,10.0
6888,19-03-2017 11:51,10.0
6890,19-03-2017 13:51,9.95
6896,19-03-2017 19:51,10.0
6897,19-03-2017 20:51,9.95
6947,21-03-2017 22:51,10.0
7030,25-03-2017 09:51,10.0
7031,25-03-2017 10:51,9.97
7036,25-03-2017 15:51,9.74
7037,25-03-2017 16:51,10.0
7039,25-03-2017 18:51,8.9175
7040,25-03-2017 19:51,9.99
7041,25-03-2017 20:51,9.96
7042,25-03-2017 21:51,9.845
7043,25-03-2017 22:51,10.0
7044,25-03-2017 23:51,9.97
7045,26-03-2017 00:51,10.0
7046,26-03-2017 01:51,9.63
7047,26-03-2017 02:51,6.335
7048,26-03-2017 03:51,6.93
7049,26-03-2017 04:51,9.23
7050,26-03-2017 05:51,10.0
7051,26-03-2017 06:51,10.0
7052,26-03-2017 07:51,10.0
7053,26-03-2017 08:51,9.72
7054,26-03-2017 09:51,9.52
7055,26-03-2017 10:51,9.86
7056,26-03-2017 11:51,9.78
7057,26-03-2017 12:51,10.0
7058,26-03-2017 13:51,10.0
7059,26-03-2017 14:51,10.0
7060,26-03-2017 15:51,10.0
7061,26-03-2017 16:51,9.83
7062,26-03-2017 17:51,5.765
7063,26-03-2017 18:51,4.0925
7064,26-03-2017 19:51,3.8475
7065,26-03-2017 20:51,3.165
7066,26-03-2017 21:51,4.085
7067,26-03-2017 22:51,3.6225
7068,26-03-2017 23:51,2.9525
7069,27-03-2017 00:51,3.2575
7070,27-03-2017 01:51,3.025
7071,27-03-2017 02:51,2.9725
7072,27-03-2017 03:51,2.235
7073,27-03-2017 04:51,1.525
7074,27-03-2017 05:51,1.365
7075,27-03-2017 06:51,0.745
7076,27-03-2017 07:51,1.1525
7077,27-03-2017 08:51,0.9837
7078,27-03-2017 09:51,1.1362
7080,27-03-2017 11:51,3.08
7088,27-03-2017 19:51,9.28
7089,27-03-2017 20:51,7.12
7090,27-03-2017 21:51,6.2962
7091,27-03-2017 22:51,5.8348
7092,27-03-2017 23:51,6.7811
7093,28-03-2017 00:51,5.120900000000001
7094,28-03-2017 01:51,6.275
7096,28-03-2017 03:51,4.9449000000000005
7097,28-03-2017 04:51,5.3361
7098,28-03-2017 05:51,3.9712
7099,28-03-2017 06:51,5.1412
7100,28-03-2017 07:51,5.8821
7101,28-03-2017 08:51,7.6785000000000005
7102,28-03-2017 09:51,7.165
7103,28-03-2017 10:51,3.705
7104,28-03-2017 11:51,5.8275
7105,28-03-2017 12:51,5.45
7106,28-03-2017 13:51,7.5912
7107,28-03-2017 14:51,8.705
7108,28-03-2017 15:51,8.167766666666667
7111,28-03-2017 18:51,1.925
7113,28-03-2017 20:51,8.54
7114,28-03-2017 21:51,3.4922000000000004
7137,29-03-2017 20:51,10.0
7138,29-03-2017 21:51,10.0
7139,29-03-2017 22:51,10.0
7140,29-03-2017 23:51,10.0
7141,30-03-2017 00:51,10.0
7146,30-03-2017 05:51,10.0
7147,30-03-2017 06:51,10.0
7148,30-03-2017 07:51,10.0
7149,30-03-2017 08:51,10.0
7163,30-03-2017 22:51,10.0
7170,31-03-2017 05:51,4.3387
7171,31-03-2017 06:51,3.0675
7172,31-03-2017 07:51,2.9275
7173,31-03-2017 08:51,2.875
7174,31-03-2017 09:51,2.7
7175,31-03-2017 10:51,3.4025
7176,31-03-2017 11:51,3.88
7177,31-03-2017 12:51,3.3762
7178,31-03-2017 13:51,4.6362
7179,31-03-2017 14:51,4.78
7180,31-03-2017 15:51,4.945
7181,31-03-2017 16:51,4.42
7182,31-03-2017 17:51,4.83
7183,31-03-2017 18:51,4.655
7184,31-03-2017 19:51,4.8
7185,31-03-2017 20:51,3.895
7186,31-03-2017 21:51,3.46
7187,31-03-2017 22:51,4.635
7188,31-03-2017 23:51,4.46
7189,01-04-2017 00:51,3.2175
7190,01-04-2017 01:51,7.61
7191,01-04-2017 02:51,2.9225
7192,01-04-2017 03:51,3.0375
7205,01-04-2017 16:51,9.675
7206,01-04-2017 17:51,9.81
7208,01-04-2017 19:51,10.0
7237,03-04-2017 00:51,10.0
7239,03-04-2017 02:51,9.89
7241,03-04-2017 04:51,9.95
7243,03-04-2017 06:51,9.276666666666666
7244,03-04-2017 07:51,9.82
7258,03-04-2017 21:51,9.96
7269,04-04-2017 08:51,0.25665000000000016
7270,04-04-2017 09:51,0.54575
7272,04-04-2017 11:51,2.33
7273,04-04-2017 12:51,6.165
7274,04-04-2017 13:51,9.61
7275,04-04-2017 14:51,5.9975
7276,04-04-2017 15:51,8.16
7277,04-04-2017 16:51,7.583600000000001
7278,04-04-2017 17:51,9.97
7279,04-04-2017 18:51,9.74
7280,04-04-2017 19:51,7.3275
7281,04-04-2017 20:51,4.2087
7282,04-04-2017 21:51,2.8375
7283,04-04-2017 22:51,2.1562
7284,04-04-2017 23:51,1.7711000000000001
7285,05-04-2017 00:51,2.0725
7286,05-04-2017 01:51,1.5923000000000003
7290,05-04-2017 05:51,3.0844000000000005
7298,05-04-2017 13:51,10.0
7305,05-04-2017 20:51,7.854500000000001
7306,05-04-2017 21:51,8.8948
7308,05-04-2017 23:51,7.8958
7309,06-04-2017 00:51,9.0386
7310,06-04-2017 01:51,8.805
7311,06-04-2017 02:51,8.86
7312,06-04-2017 03:51,5.0012
7313,06-04-2017 04:51,5.49
7314,06-04-2017 05:51,7.325
7315,06-04-2017 06:51,4.985
7316,06-04-2017 07:51,3.3999
7317,06-04-2017 08:51,3.3262
7318,06-04-2017 09:51,2.2312
7319,06-04-2017 10:51,2.0897
7320,06-04-2017 11:51,1.6124
7321,06-04-2017 12:51,0.9337000000000001
7322,06-04-2017 13:51,1.6287
7323,06-04-2017 14:51,1.135
7324,06-04-2017 15:51,2.17
7384,09-04-2017 03:51,9.99
7385,09-04-2017 04:51,10.0
7386,09-04-2017 05:51,9.96
7387,09-04-2017 06:51,10.0
7451,11-04-2017 22:51,9.145
7453,12-04-2017 00:51,9.449761904761907
7454,12-04-2017 01:51,9.18
7455,12-04-2017 02:51,8.0612
7456,12-04-2017 03:51,8.2412
7457,12-04-2017 04:51,9.61
7458,12-04-2017 05:51,7.71
7459,12-04-2017 06:51,9.043
7473,12-04-2017 20:51,9.94
7474,12-04-2017 21:51,9.76
7493,13-04-2017 16:51,10.0
7497,13-04-2017 20:51,10.0
7498,13-04-2017 21:51,10.0
7499,13-04-2017 22:51,10.0
7500,13-04-2017 23:51,10.0
7501,14-04-2017 00:51,10.0
7507,14-04-2017 06:51,10.0
7508,14-04-2017 07:51,10.0
7509,14-04-2017 08:51,10.0
7510,14-04-2017 09:51,10.0
7528,15-04-2017 03:51,9.745
7601,18-04-2017 04:51,10.0
7603,18-04-2017 06:51,10.0
7604,18-04-2017 07:51,10.0
7605,18-04-2017 08:51,10.0
7606,18-04-2017 09:51,10.0
7607,18-04-2017 10:51,10.0
7617,18-04-2017 20:51,10.0
7618,18-04-2017 21:51,9.93
7619,18-04-2017 22:51,9.89
7620,18-04-2017 23:51,9.82
7621,19-04-2017 00:51,9.66
7622,19-04-2017 01:51,9.92
7623,19-04-2017 02:51,9.18
7624,19-04-2017 03:51,9.9
7625,19-04-2017 04:51,9.14
7628,19-04-2017 07:51,9.99
7646,20-04-2017 01:51,9.94
7647,20-04-2017 02:51,9.86
7648,20-04-2017 03:51,9.8
7650,20-04-2017 05:51,4.1362
7651,20-04-2017 06:51,5.8562
7652,20-04-2017 07:51,5.405
7653,20-04-2017 08:51,4.775
7654,20-04-2017 09:51,9.043
7655,20-04-2017 10:51,7.96
7656,20-04-2017 11:51,10.0
7657,20-04-2017 12:51,10.0
7663,20-04-2017 18:51,9.43
7665,20-04-2017 20:51,6.525
7666,20-04-2017 21:51,8.87
7667,20-04-2017 22:51,8.8786
7668,20-04-2017 23:51,8.9662
7669,21-04-2017 00:51,8.9462
7670,21-04-2017 01:51,7.521100000000001
7671,21-04-2017 02:51,8.925
7672,21-04-2017 03:51,8.4325
7673,21-04-2017 04:51,4.1732000000000005
7674,21-04-2017 05:51,6.1299
7675,21-04-2017 06:51,4.4474
7676,21-04-2017 07:51,5.1562
7677,21-04-2017 08:51,5.845
7678,21-04-2017 09:51,3.7525
7679,21-04-2017 10:51,5.6412
7680,21-04-2017 11:51,8.772666666666666
7681,21-04-2017 12:51,8.07
7682,21-04-2017 13:51,8.4
7684,21-04-2017 15:51,9.67
7685,21-04-2017 16:51,9.93
7686,21-04-2017 17:51,9.46
7687,21-04-2017 18:51,9.82
7689,21-04-2017 20:51,9.62
7690,21-04-2017 21:51,9.0537
7692,21-04-2017 23:51,5.2273000000000005
7693,22-04-2017 00:51,8.815
7695,22-04-2017 02:51,8.5924
7696,22-04-2017 03:51,8.3861
7697,22-04-2017 04:51,8.15
7698,22-04-2017 05:51,9.72
7699,22-04-2017 06:51,9.96
7700,22-04-2017 07:51,9.85
7701,22-04-2017 08:51,9.93
7702,22-04-2017 09:51,9.92
7703,22-04-2017 10:51,10.0
7705,22-04-2017 12:51,10.0
7707,22-04-2017 14:51,9.61
7710,22-04-2017 17:51,7.6337
7711,22-04-2017 18:51,9.8725
7712,22-04-2017 19:51,8.6725
7714,22-04-2017 21:51,9.97
7723,23-04-2017 06:51,10.0
7724,23-04-2017 07:51,10.0
7725,23-04-2017 08:51,10.0
7726,23-04-2017 09:51,10.0
7727,23-04-2017 10:51,10.0
7743,24-04-2017 02:51,6.1625
7744,24-04-2017 03:51,8.9834
7745,24-04-2017 04:51,8.815
7746,24-04-2017 05:51,8.3062
7747,24-04-2017 06:51,5.697
7748,24-04-2017 07:51,9.93
7749,24-04-2017 08:51,9.99
7755,24-04-2017 14:51,9.99
7756,24-04-2017 15:51,10.0
7757,24-04-2017 16:51,10.0
7758,24-04-2017 17:51,10.0
7759,24-04-2017 18:51,9.84
7760,24-04-2017 19:51,9.8
7761,24-04-2017 20:51,9.99
7762,24-04-2017 21:51,10.0
7763,24-04-2017 22:51,9.47
7764,24-04-2017 23:51,9.305
7765,25-04-2017 00:51,9.14
7766,25-04-2017 01:51,9.6675
7767,25-04-2017 02:51,9.195
7768,25-04-2017 03:51,8.855
7769,25-04-2017 04:51,4.5925
7770,25-04-2017 05:51,2.9925
7771,25-04-2017 06:51,6.325
7772,25-04-2017 07:51,6.35
7773,25-04-2017 08:51,7.43
7774,25-04-2017 09:51,5.895
7775,25-04-2017 10:51,6.125
7776,25-04-2017 11:51,7.295
7777,25-04-2017 12:51,8.165
7778,25-04-2017 13:51,8.27
7779,25-04-2017 14:51,5.5675
7780,25-04-2017 15:51,3.2825
7781,25-04-2017 16:51,3.3475
7782,25-04-2017 17:51,3.11
7783,25-04-2017 18:51,3.475
7784,25-04-2017 19:51,3.64
7785,25-04-2017 20:51,7.52
7786,25-04-2017 21:51,7.75
7787,25-04-2017 22:51,8.625
7788,25-04-2017 23:51,8.1099
7789,26-04-2017 00:51,7.43
7790,26-04-2017 01:51,5.6975
7791,26-04-2017 02:51,3.745
7792,26-04-2017 03:51,6.5575
7793,26-04-2017 04:51,8.715
7794,26-04-2017 05:51,5.3275
7795,26-04-2017 06:51,8.63
7796,26-04-2017 07:51,7.37
7797,26-04-2017 08:51,9.2875
7798,26-04-2017 09:51,5.45
7799,26-04-2017 10:51,8.515
7800,26-04-2017 11:51,6.6925
7803,26-04-2017 14:51,8.17
7804,26-04-2017 15:51,9.82
7805,26-04-2017 16:51,9.71
7806,26-04-2017 17:51,9.94
7809,26-04-2017 20:51,9.2
7810,26-04-2017 21:51,7.0859000000000005
7812,26-04-2017 23:51,2.0805000000000002
7815,27-04-2017 02:51,1.411
7831,27-04-2017 18:51,2.6661
7834,27-04-2017 21:51,1.2736
7835,27-04-2017 22:51,2.8283000000000005
7840,28-04-2017 03:51,1.625
7841,28-04-2017 04:51,1.8062
7842,28-04-2017 05:51,3.01
7843,28-04-2017 06:51,7.1325
7844,28-04-2017 07:51,5.35
7845,28-04-2017 08:51,6.23
7857,28-04-2017 20:51,10.0
7858,28-04-2017 21:51,9.94
7863,29-04-2017 02:51,10.0
7866,29-04-2017 05:51,3.94625
7867,29-04-2017 06:51,3.4587
7887,30-04-2017 02:51,10.0
7888,30-04-2017 03:51,10.0
7889,30-04-2017 04:51,10.0
7890,30-04-2017 05:51,10.0
7891,30-04-2017 06:51,10.0
7892,30-04-2017 07:51,10.0
7893,30-04-2017 08:51,10.0
7894,30-04-2017 09:51,10.0
7895,30-04-2017 10:51,10.0
7896,30-04-2017 11:51,10.0
7897,30-04-2017 12:51,10.0
7898,30-04-2017 13:51,10.0
7899,30-04-2017 14:51,10.0
7900,30-04-2017 15:51,10.0
7901,30-04-2017 16:51,10.0
7902,30-04-2017 17:51,10.0
7903,30-04-2017 18:51,9.99
7904,30-04-2017 19:51,10.0
7905,30-04-2017 20:51,10.0
7906,30-04-2017 21:51,9.9
7907,30-04-2017 22:51,6.17
7908,30-04-2017 23:51,5.4086
7909,01-05-2017 00:51,4.0662
7910,01-05-2017 01:51,3.52
7911,01-05-2017 02:51,3.215
7912,01-05-2017 03:51,1.3175
7913,01-05-2017 04:51,1.1
7914,01-05-2017 05:51,2.4525
7915,01-05-2017 06:51,2.9975
7916,01-05-2017 07:51,3.426
7917,01-05-2017 08:51,2.4787
7918,01-05-2017 09:51,2.8604000000000007
7919,01-05-2017 10:51,6.59
7981,04-05-2017 00:51,10.0
7982,04-05-2017 01:51,10.0
7983,04-05-2017 02:51,9.96
7984,04-05-2017 03:51,9.96
7985,04-05-2017 04:51,9.99
7986,04-05-2017 05:51,10.0
7987,04-05-2017 06:51,10.0
7988,04-05-2017 07:51,10.0
7989,04-05-2017 08:51,10.0
7999,04-05-2017 18:51,10.0
8001,04-05-2017 20:51,10.0
8002,04-05-2017 21:51,10.0
8003,04-05-2017 22:51,9.99
8004,04-05-2017 23:51,10.0
8005,05-05-2017 00:51,10.0
8006,05-05-2017 01:51,9.84
8007,05-05-2017 02:51,9.77
8008,05-05-2017 03:51,9.86
8009,05-05-2017 04:51,9.95
8010,05-05-2017 05:51,9.19
8011,05-05-2017 06:51,9.505
8012,05-05-2017 07:51,9.38
8013,05-05-2017 08:51,6.26
8014,05-05-2017 09:51,4.72
8015,05-05-2017 10:51,3.11
8016,05-05-2017 11:51,4.3011
8017,05-05-2017 12:51,1.41
8018,05-05-2017 13:51,2.7725
8023,05-05-2017 18:51,7.154166666666668
8025,05-05-2017 20:51,4.9333
8097,08-05-2017 20:51,10.0
8098,08-05-2017 21:51,10.0
8100,08-05-2017 23:51,9.99
8101,09-05-2017 00:51,10.0
8102,09-05-2017 01:51,10.0
8103,09-05-2017 02:51,10.0
8104,09-05-2017 03:51,9.97
8105,09-05-2017 04:51,10.0
8106,09-05-2017 05:51,10.0
8107,09-05-2017 06:51,9.88
8121,09-05-2017 20:51,10.0
8122,09-05-2017 21:51,9.93
8123,09-05-2017 22:51,9.96
8124,09-05-2017 23:51,10.0
8125,10-05-2017 00:51,9.97
8126,10-05-2017 01:51,10.0
8127,10-05-2017 02:51,10.0
8128,10-05-2017 03:51,10.0
8129,10-05-2017 04:51,9.92
8130,10-05-2017 05:51,9.85
8131,10-05-2017 06:51,10.0
8132,10-05-2017 07:51,10.0
8133,10-05-2017 08:51,10.0
8134,10-05-2017 09:51,10.0
8147,10-05-2017 22:51,10.0
8148,10-05-2017 23:51,10.0
8152,11-05-2017 03:51,10.0
8153,11-05-2017 04:51,10.0
8154,11-05-2017 05:51,10.0
8155,11-05-2017 06:51,10.0
8156,11-05-2017 07:51,10.0
8165,11-05-2017 16:51,10.0
8166,11-05-2017 17:51,9.98
8171,11-05-2017 22:51,10.0
8172,11-05-2017 23:51,9.362
8173,12-05-2017 00:51,9.75
8174,12-05-2017 01:51,9.235
8175,12-05-2017 02:51,1.5275
8176,12-05-2017 03:51,7.47
8178,12-05-2017 05:51,9.97
8179,12-05-2017 06:51,9.99
8180,12-05-2017 07:51,10.0
8181,12-05-2017 08:51,10.0
8182,12-05-2017 09:51,10.0
8196,12-05-2017 23:51,10.0
8197,13-05-2017 00:51,10.0
8198,13-05-2017 01:51,9.92
8199,13-05-2017 02:51,9.98
8200,13-05-2017 03:51,7.865
8201,13-05-2017 04:51,7.2062
8202,13-05-2017 05:51,5.7637
8203,13-05-2017 06:51,6.2099
8204,13-05-2017 07:51,4.861000000000001
8205,13-05-2017 08:51,5.5175
8206,13-05-2017 09:51,7.54
8207,13-05-2017 10:51,3.985
8208,13-05-2017 11:51,4.415
8209,13-05-2017 12:51,3.4362
8210,13-05-2017 13:51,3.155
8211,13-05-2017 14:51,2.385
8212,13-05-2017 15:51,2.2
8213,13-05-2017 16:51,2.3875
8214,13-05-2017 17:51,2.585
8215,13-05-2017 18:51,2.79
8216,13-05-2017 19:51,3.9725
8217,13-05-2017 20:51,2.9775
8218,13-05-2017 21:51,6.585
8219,13-05-2017 22:51,6.765
8220,13-05-2017 23:51,6.935
8238,14-05-2017 17:51,10.0
8239,14-05-2017 18:51,10.0
8360,19-05-2017 19:51,10.0
8361,19-05-2017 20:51,10.0
8362,19-05-2017 21:51,10.0
8363,19-05-2017 22:51,10.0
8364,19-05-2017 23:51,10.0
8365,20-05-2017 00:51,10.0
8366,20-05-2017 01:51,10.0
8367,20-05-2017 02:51,10.0
8368,20-05-2017 03:51,10.0
8369,20-05-2017 04:51,10.0
8370,20-05-2017 05:51,10.0
8371,20-05-2017 06:51,10.0
8372,20-05-2017 07:51,10.0
8373,20-05-2017 08:51,10.0
8374,20-05-2017 09:51,10.0
8375,20-05-2017 10:51,10.0
8391,21-05-2017 02:51,9.34
8392,21-05-2017 03:51,9.39
8393,21-05-2017 04:51,9.44
8394,21-05-2017 05:51,9.88
8395,21-05-2017 06:51,10.0
8396,21-05-2017 07:51,10.0
8398,21-05-2017 09:51,10.0
8421,22-05-2017 08:51,3.2375
8422,22-05-2017 09:51,5.1612
8423,22-05-2017 10:51,3.195
8433,22-05-2017 20:51,3.415
8439,23-05-2017 02:51,8.46
8440,23-05-2017 03:51,7.925
8441,23-05-2017 04:51,7.708600000000001
8444,23-05-2017 07:51,10.0
8445,23-05-2017 08:51,10.0
8446,23-05-2017 09:51,10.0
8447,23-05-2017 10:51,10.0
8448,23-05-2017 11:51,10.0
8450,23-05-2017 13:51,10.0
8459,23-05-2017 22:51,9.97
8460,23-05-2017 23:51,9.64
8461,24-05-2017 00:51,10.0
8462,24-05-2017 01:51,10.0
8464,24-05-2017 03:51,6.0774
8465,24-05-2017 04:51,8.5025
8467,24-05-2017 06:51,9.735
8468,24-05-2017 07:51,9.48
8471,24-05-2017 10:51,10.0
8472,24-05-2017 11:51,10.0
8473,24-05-2017 12:51,10.0
8474,24-05-2017 13:51,10.0
8477,24-05-2017 16:51,10.0
8478,24-05-2017 17:51,10.0
8479,24-05-2017 18:51,10.0
8480,24-05-2017 19:51,10.0
8481,24-05-2017 20:51,9.99
8482,24-05-2017 21:51,10.0
8483,24-05-2017 22:51,9.72
8484,24-05-2017 23:51,9.76
8485,25-05-2017 00:51,9.78
8486,25-05-2017 01:51,8.085833333333333
8487,25-05-2017 02:51,5.53
8488,25-05-2017 03:51,5.6636
8489,25-05-2017 04:51,5.095
8490,25-05-2017 05:51,5.225
8491,25-05-2017 06:51,3.355
8492,25-05-2017 07:51,2.5987
8493,25-05-2017 08:51,2.1941666666666664
8494,25-05-2017 09:51,2.2091666666666665
8495,25-05-2017 10:51,2.475
8496,25-05-2017 11:51,2.805
8497,25-05-2017 12:51,2.26
8498,25-05-2017 13:51,2.065
8499,25-05-2017 14:51,2.055
8500,25-05-2017 15:51,2.005
8501,25-05-2017 16:51,1.9123
8502,25-05-2017 17:51,2.16
8503,25-05-2017 18:51,1.64
8504,25-05-2017 19:51,1.635
8505,25-05-2017 20:51,1.74
8506,25-05-2017 21:51,1.8375
8551,27-05-2017 18:51,9.99
8552,27-05-2017 19:51,9.91
8553,27-05-2017 20:51,2.8125
8555,27-05-2017 22:51,7.775
8558,28-05-2017 01:51,8.7312
8559,28-05-2017 02:51,7.1936
8560,28-05-2017 03:51,5.9284
8561,28-05-2017 04:51,5.4749
8562,28-05-2017 05:51,2.2399
8563,28-05-2017 06:51,5.8662
8574,28-05-2017 17:51,10.0
8575,28-05-2017 18:51,10.0
8576,28-05-2017 19:51,10.0
8577,28-05-2017 20:51,10.0
8578,28-05-2017 21:51,9.93
8579,28-05-2017 22:51,9.99
8580,28-05-2017 23:51,9.9
8581,29-05-2017 00:51,8.64
8582,29-05-2017 01:51,8.495
8583,29-05-2017 02:51,7.5575
8584,29-05-2017 03:51,6.9962
8585,29-05-2017 04:51,7.285
8586,29-05-2017 05:51,7.3812
8587,29-05-2017 06:51,8.2875
8588,29-05-2017 07:51,7.635
8589,29-05-2017 08:51,9.48
8590,29-05-2017 09:51,9.43
8591,29-05-2017 10:51,8.73
8592,29-05-2017 11:51,9.12
8593,29-05-2017 12:51,9.93
8594,29-05-2017 13:51,9.99
8595,29-05-2017 14:51,10.0
8598,29-05-2017 17:51,8.225
8599,29-05-2017 18:51,7.5286
8600,29-05-2017 19:51,7.5636
8602,29-05-2017 21:51,6.0875
8614,30-05-2017 09:51,5.6223
8623,30-05-2017 18:51,3.1525
8624,30-05-2017 19:51,2.675
8626,30-05-2017 21:51,3.025
8627,30-05-2017 22:51,1.1612
8628,30-05-2017 23:51,1.3586
8629,31-05-2017 00:51,2.2111
8630,31-05-2017 01:51,1.2985000000000002
8631,31-05-2017 02:51,1.3349000000000002
8632,31-05-2017 03:51,1.1299000000000001
8633,31-05-2017 04:51,2.0135
8634,31-05-2017 05:51,2.78125
8635,31-05-2017 06:51,3.3975
8636,31-05-2017 07:51,6.655
8638,31-05-2017 09:51,8.97
8651,31-05-2017 22:51,8.2775
8652,31-05-2017 23:51,6.7725
8653,01-06-2017 00:51,8.2875
8654,01-06-2017 01:51,8.8375
8655,01-06-2017 02:51,7.86
8656,01-06-2017 03:51,6.2023
8657,01-06-2017 04:51,2.0097
8659,01-06-2017 06:51,4.5137
8681,02-06-2017 04:51,9.96
8692,02-06-2017 15:51,10.0
8700,02-06-2017 23:51,10.0
8704,03-06-2017 03:51,10.0
8726,04-06-2017 01:51,10.0
8727,04-06-2017 02:51,10.0
8730,04-06-2017 05:51,10.0
8731,04-06-2017 06:51,10.0
8749,05-06-2017 00:51,8.1372
8752,05-06-2017 03:51,4.62
8755,05-06-2017 06:51,4.9711
8756,05-06-2017 07:51,5.1475
8757,05-06-2017 08:51,5.645
8758,05-06-2017 09:51,6.555
8759,05-06-2017 10:51,7.46
8760,05-06-2017 11:51,7.355
8761,05-06-2017 12:51,9.76
8764,05-06-2017 15:51,2.3511
8765,05-06-2017 16:51,2.0620000000000003
8766,05-06-2017 17:51,1.82
8767,05-06-2017 18:51,1.5325
8768,05-06-2017 19:51,2.83
8769,05-06-2017 20:51,8.5475
8770,05-06-2017 21:51,7.7249
8771,05-06-2017 22:51,4.8775
8772,05-06-2017 23:51,6.6387
8773,06-06-2017 00:51,9.2025
8774,06-06-2017 01:51,8.62
8775,06-06-2017 02:51,8.3875
8776,06-06-2017 03:51,7.1325
8777,06-06-2017 04:51,6.8225
8778,06-06-2017 05:51,9.67625
8779,06-06-2017 06:51,6.71
8780,06-06-2017 07:51,8.885
8781,06-06-2017 08:51,9.125
8782,06-06-2017 09:51,9.6
8783,06-06-2017 10:51,9.91
8784,06-06-2017 11:51,9.18
8785,06-06-2017 12:51,3.825
8786,06-06-2017 13:51,8.705
8787,06-06-2017 14:51,9.95
8788,06-06-2017 15:51,9.98
8789,06-06-2017 16:51,9.58
8790,06-06-2017 17:51,9.95
8791,06-06-2017 18:51,9.96
8792,06-06-2017 19:51,9.47
8793,06-06-2017 20:51,9.315
8794,06-06-2017 21:51,8.71
8795,06-06-2017 22:51,9.96
8796,06-06-2017 23:51,9.895
8797,07-06-2017 00:51,9.93
8798,07-06-2017 01:51,9.87
8799,07-06-2017 02:51,9.712
8800,07-06-2017 03:51,9.87
8801,07-06-2017 04:51,9.94
8802,07-06-2017 05:51,9.93
8803,07-06-2017 06:51,10.0
8804,07-06-2017 07:51,10.0
8805,07-06-2017 08:51,10.0
8808,07-06-2017 11:51,10.0
8810,07-06-2017 13:51,10.0
8823,08-06-2017 02:51,9.96
8824,08-06-2017 03:51,8.3812
8825,08-06-2017 04:51,9.86
8826,08-06-2017 05:51,9.99
8827,08-06-2017 06:51,10.0
8828,08-06-2017 07:51,9.99
8829,08-06-2017 08:51,9.96
8834,08-06-2017 13:51,10.0
8836,08-06-2017 15:51,10.0
8837,08-06-2017 16:51,10.0
8838,08-06-2017 17:51,10.0
8839,08-06-2017 18:51,10.0
8840,08-06-2017 19:51,10.0
8841,08-06-2017 20:51,10.0
8842,08-06-2017 21:51,10.0
8843,08-06-2017 22:51,10.0
8844,08-06-2017 23:51,9.98
8845,09-06-2017 00:51,10.0
8847,09-06-2017 02:51,9.57
8961,13-06-2017 20:51,9.96
8962,13-06-2017 21:51,9.98
8963,13-06-2017 22:51,9.94
8964,13-06-2017 23:51,10.0
8965,14-06-2017 00:51,9.98
8966,14-06-2017 01:51,9.89
8967,14-06-2017 02:51,9.96
8968,14-06-2017 03:51,9.635
8969,14-06-2017 04:51,9.535
8970,14-06-2017 05:51,8.4
8971,14-06-2017 06:51,9.0175
8973,14-06-2017 08:51,6.76
8974,14-06-2017 09:51,9.39
8988,14-06-2017 23:51,9.99
8989,15-06-2017 00:51,9.82
8990,15-06-2017 01:51,9.31
8991,15-06-2017 02:51,3.6862
8992,15-06-2017 03:51,7.9684
8993,15-06-2017 04:51,7.5174
8994,15-06-2017 05:51,9.34
8995,15-06-2017 06:51,10.0
8996,15-06-2017 07:51,10.0
9007,15-06-2017 18:51,10.0
9008,15-06-2017 19:51,9.98
9009,15-06-2017 20:51,9.96
9011,15-06-2017 22:51,9.95
9013,16-06-2017 00:51,9.725
9015,16-06-2017 02:51,5.8425
9016,16-06-2017 03:51,6.2422
9017,16-06-2017 04:51,8.25
9018,16-06-2017 05:51,9.275
9019,16-06-2017 06:51,9.58
9020,16-06-2017 07:51,8.55
9021,16-06-2017 08:51,7.3011
9022,16-06-2017 09:51,8.3575
9023,16-06-2017 10:51,8.905
9024,16-06-2017 11:51,8.6875
9025,16-06-2017 12:51,5.63
9026,16-06-2017 13:51,9.11
9027,16-06-2017 14:51,6.0
9028,16-06-2017 15:51,5.875
9029,16-06-2017 16:51,9.175
9030,16-06-2017 17:51,8.8425
9031,16-06-2017 18:51,7.455
9032,16-06-2017 19:51,7.075
9033,16-06-2017 20:51,5.2575
9034,16-06-2017 21:51,5.285
9036,16-06-2017 23:51,2.3675
9037,17-06-2017 00:51,2.8675
9038,17-06-2017 01:51,2.3375
9039,17-06-2017 02:51,2.515
9040,17-06-2017 03:51,5.7525
9042,17-06-2017 05:51,6.99
9043,17-06-2017 06:51,8.495
9044,17-06-2017 07:51,7.5425
9045,17-06-2017 08:51,9.53
9055,17-06-2017 18:51,4.066466666666667
9056,17-06-2017 19:51,2.9425
9058,17-06-2017 21:51,2.685
9160,22-06-2017 03:51,9.99
9161,22-06-2017 04:51,10.0
9162,22-06-2017 05:51,10.0
9163,22-06-2017 06:51,10.0
9164,22-06-2017 07:51,10.0
9165,22-06-2017 08:51,10.0
9210,24-06-2017 05:51,1.9025
9232,25-06-2017 03:51,10.0
9233,25-06-2017 04:51,10.0
9234,25-06-2017 05:51,10.0
9235,25-06-2017 06:51,10.0
9254,26-06-2017 01:51,10.0
9257,26-06-2017 04:51,10.0
9279,27-06-2017 02:51,10.0
9280,27-06-2017 03:51,9.86
9282,27-06-2017 05:51,8.655
9283,27-06-2017 06:51,8.9
9284,27-06-2017 07:51,9.99
9441,03-07-2017 20:51,9.94
9442,03-07-2017 21:51,9.96
9444,03-07-2017 23:51,10.0
9445,04-07-2017 00:51,10.0
9446,04-07-2017 01:51,9.98
9447,04-07-2017 02:51,9.903333333333334
9448,04-07-2017 03:51,10.0
9449,04-07-2017 04:51,10.0
9450,04-07-2017 05:51,10.0
9451,04-07-2017 06:51,10.0
9452,04-07-2017 07:51,10.0
9453,04-07-2017 08:51,10.0
9457,04-07-2017 12:51,10.0
9464,04-07-2017 19:51,10.0
9469,05-07-2017 00:51,10.0
9470,05-07-2017 01:51,10.0
9471,05-07-2017 02:51,10.0
9472,05-07-2017 03:51,10.0
9473,05-07-2017 04:51,10.0
9474,05-07-2017 05:51,9.96
9475,05-07-2017 06:51,10.0
9476,05-07-2017 07:51,10.0
9477,05-07-2017 08:51,10.0
9478,05-07-2017 09:51,10.0
9479,05-07-2017 10:51,9.9
9482,05-07-2017 13:51,7.96
9483,05-07-2017 14:51,9.64
9486,05-07-2017 17:51,10.0
9489,05-07-2017 20:51,9.9
9494,06-07-2017 01:51,9.52
9495,06-07-2017 02:51,9.3125
9496,06-07-2017 03:51,10.0
9497,06-07-2017 04:51,9.83
9498,06-07-2017 05:51,9.65
9499,06-07-2017 06:51,9.99
9500,06-07-2017 07:51,9.85
9509,06-07-2017 16:51,10.0
9511,06-07-2017 18:51,9.94
9512,06-07-2017 19:51,9.88
9514,06-07-2017 21:51,9.48
9515,06-07-2017 22:51,9.4225
9516,06-07-2017 23:51,8.935
9517,07-07-2017 00:51,9.15
9518,07-07-2017 01:51,7.8349
9519,07-07-2017 02:51,8.64625
9520,07-07-2017 03:51,5.5112
9521,07-07-2017 04:51,5.6836
9522,07-07-2017 05:51,3.89
9523,07-07-2017 06:51,4.022866666666666
9524,07-07-2017 07:51,6.3024000000000004
9525,07-07-2017 08:51,3.763000000000001
9526,07-07-2017 09:51,4.3094
9528,07-07-2017 11:51,4.55
9529,07-07-2017 12:51,6.195
9530,07-07-2017 13:51,9.82
9540,07-07-2017 23:51,8.1087
9681,13-07-2017 20:51,8.6525
9682,13-07-2017 21:51,9.6
9683,13-07-2017 22:51,9.315
9684,13-07-2017 23:51,9.4825
9685,14-07-2017 00:51,9.445
9686,14-07-2017 01:51,9.79
9687,14-07-2017 02:51,9.37
9688,14-07-2017 03:51,8.1012
9689,14-07-2017 04:51,5.195
9690,14-07-2017 05:51,5.4762
9691,14-07-2017 06:51,8.77
9692,14-07-2017 07:51,7.6
9693,14-07-2017 08:51,7.275
9694,14-07-2017 09:51,8.15
9695,14-07-2017 10:51,3.77
9696,14-07-2017 11:51,3.555
9697,14-07-2017 12:51,6.1425
9698,14-07-2017 13:51,8.505
9700,14-07-2017 15:51,6.04
9701,14-07-2017 16:51,8.7475
9702,14-07-2017 17:51,7.685625
9703,14-07-2017 18:51,8.235625
9704,14-07-2017 19:51,6.360625
9705,14-07-2017 20:51,7.885625
9706,14-07-2017 21:51,8.2325
9707,14-07-2017 22:51,6.105625
9708,14-07-2017 23:51,2.858125
9709,15-07-2017 00:51,2.66
9710,15-07-2017 01:51,3.05495
9711,15-07-2017 02:51,3.119791666666667
9712,15-07-2017 03:51,2.8622916666666667
9713,15-07-2017 04:51,6.067916666666665
9714,15-07-2017 05:51,4.309583333333333
9729,15-07-2017 20:51,8.04
9730,15-07-2017 21:51,7.38
9736,16-07-2017 03:51,9.74
9741,16-07-2017 08:51,10.0
9763,17-07-2017 06:51,10.0
9785,18-07-2017 04:51,9.7325
9825,19-07-2017 20:51,9.01
9881,22-07-2017 04:51,9.94
9882,22-07-2017 05:51,9.79
9883,22-07-2017 06:51,9.98
9884,22-07-2017 07:51,9.96
9885,22-07-2017 08:51,9.97
9899,22-07-2017 22:51,5.157
9900,22-07-2017 23:51,2.4812
9901,23-07-2017 00:51,3.7687
9902,23-07-2017 01:51,4.8485000000000005
9903,23-07-2017 02:51,3.5396000000000005
9904,23-07-2017 03:51,2.5985
9905,23-07-2017 04:51,2.2997
9908,23-07-2017 07:51,9.875
9909,23-07-2017 08:51,9.49
9913,23-07-2017 12:51,9.35
9918,23-07-2017 17:51,9.796666666666667
9919,23-07-2017 18:51,9.85
9920,23-07-2017 19:51,9.325
9921,23-07-2017 20:51,9.5275
9922,23-07-2017 21:51,9.69
9923,23-07-2017 22:51,9.6975
9924,23-07-2017 23:51,9.825
9925,24-07-2017 00:51,9.85
9926,24-07-2017 01:51,10.0
9927,24-07-2017 02:51,8.74
9928,24-07-2017 03:51,6.488300000000001
9929,24-07-2017 04:51,3.215
9930,24-07-2017 05:51,6.3649000000000004
9931,24-07-2017 06:51,7.1024
9932,24-07-2017 07:51,6.4112
9933,24-07-2017 08:51,7.1324000000000005
9934,24-07-2017 09:51,6.185
9935,24-07-2017 10:51,6.1825
9938,24-07-2017 13:51,9.98
9939,24-07-2017 14:51,9.96
9940,24-07-2017 15:51,9.95
9941,24-07-2017 16:51,9.98
9942,24-07-2017 17:51,9.98
9943,24-07-2017 18:51,9.76
9944,24-07-2017 19:51,9.27
9945,24-07-2017 20:51,8.1075
9946,24-07-2017 21:51,9.160833333333334
9947,24-07-2017 22:51,9.56
9948,24-07-2017 23:51,8.4
9949,25-07-2017 00:51,9.29
9950,25-07-2017 01:51,9.92
9951,25-07-2017 02:51,10.0
9952,25-07-2017 03:51,9.98
9953,25-07-2017 04:51,9.895
9954,25-07-2017 05:51,10.0
9955,25-07-2017 06:51,10.0
9956,25-07-2017 07:51,10.0
9957,25-07-2017 08:51,9.96
9958,25-07-2017 09:51,10.0
9959,25-07-2017 10:51,9.99
9960,25-07-2017 11:51,9.98
9962,25-07-2017 13:51,10.0
9963,25-07-2017 14:51,10.0
9966,25-07-2017 17:51,10.0
9967,25-07-2017 18:51,10.0
9968,25-07-2017 19:51,10.0
9969,25-07-2017 20:51,10.0
9970,25-07-2017 21:51,9.88
9971,25-07-2017 22:51,10.0
9972,25-07-2017 23:51,10.0
9973,26-07-2017 00:51,9.97
9974,26-07-2017 01:51,9.73
9975,26-07-2017 02:51,9.88
9976,26-07-2017 03:51,9.95
9977,26-07-2017 04:51,9.95
9978,26-07-2017 05:51,9.56
9979,26-07-2017 06:51,10.0
9980,26-07-2017 07:51,10.0
9981,26-07-2017 08:51,10.0
10025,28-07-2017 04:51,5.2378333333333345
10026,28-07-2017 05:51,7.7511
10027,28-07-2017 06:51,9.41
10028,28-07-2017 07:51,9.23
10029,28-07-2017 08:51,9.26
10030,28-07-2017 09:51,9.87
10041,28-07-2017 20:51,9.1035
10042,28-07-2017 21:51,9.45
10043,28-07-2017 22:51,9.505
10044,28-07-2017 23:51,9.66
10045,29-07-2017 00:51,10.0
10046,29-07-2017 01:51,10.0
10047,29-07-2017 02:51,10.0
10048,29-07-2017 03:51,10.0
10049,29-07-2017 04:51,10.0
10050,29-07-2017 05:51,9.87
10051,29-07-2017 06:51,9.91
10052,29-07-2017 07:51,9.99
10053,29-07-2017 08:51,9.99
10054,29-07-2017 09:51,10.0
10055,29-07-2017 10:51,10.0
10056,29-07-2017 11:51,10.0
10057,29-07-2017 12:51,10.0
10058,29-07-2017 13:51,10.0
10059,29-07-2017 14:51,10.0
10060,29-07-2017 15:51,10.0
10061,29-07-2017 16:51,10.0
10062,29-07-2017 17:51,10.0
10063,29-07-2017 18:51,10.0
10064,29-07-2017 19:51,9.98
10065,29-07-2017 20:51,10.0
10067,29-07-2017 22:51,10.0
10068,29-07-2017 23:51,10.0
10075,30-07-2017 06:51,10.0
10076,30-07-2017 07:51,10.0
10079,30-07-2017 10:51,10.0
10080,30-07-2017 11:51,10.0
10081,30-07-2017 12:51,10.0
10082,30-07-2017 13:51,10.0
10083,30-07-2017 14:51,10.0
10121,01-08-2017 04:51,8.4675
10124,01-08-2017 07:51,9.94
10125,01-08-2017 08:51,9.99
10126,01-08-2017 09:51,9.99
10158,02-08-2017 17:51,9.57
10159,02-08-2017 18:51,9.91
10160,02-08-2017 19:51,9.87
10163,02-08-2017 22:51,9.78
10164,02-08-2017 23:51,9.443000000000001
10165,03-08-2017 00:51,9.163166666666667
10166,03-08-2017 01:51,9.635
10167,03-08-2017 02:51,8.834375
10168,03-08-2017 03:51,9.7225
10170,03-08-2017 05:51,6.996733333333333
10171,03-08-2017 06:51,9.366666666666667
10172,03-08-2017 07:51,9.786666666666667
10271,07-08-2017 10:51,8.27
10272,07-08-2017 11:51,8.145
10273,07-08-2017 12:51,7.592083333333334
10279,07-08-2017 18:51,9.05
10280,07-08-2017 19:51,8.1387
10281,07-08-2017 20:51,7.6225
10282,07-08-2017 21:51,6.5425
10283,07-08-2017 22:51,6.5875
10284,07-08-2017 23:51,6.95
10285,08-08-2017 00:51,7.0975
10287,08-08-2017 02:51,8.1486
10289,08-08-2017 04:51,7.7412
10294,08-08-2017 09:51,9.42
10295,08-08-2017 10:51,9.98
10296,08-08-2017 11:51,9.98
10300,08-08-2017 15:51,10.0
10301,08-08-2017 16:51,10.0
10313,09-08-2017 04:51,9.85
10316,09-08-2017 07:51,10.0
10337,10-08-2017 04:51,9.12
10338,10-08-2017 05:51,7.48
10339,10-08-2017 06:51,7.97
10382,12-08-2017 01:51,4.9312000000000005
10383,12-08-2017 02:51,8.0024
10384,12-08-2017 03:51,8.205
10385,12-08-2017 04:51,9.92
10386,12-08-2017 05:51,9.825
10387,12-08-2017 06:51,3.975
10388,12-08-2017 07:51,8.95
10389,12-08-2017 08:51,9.75
10424,13-08-2017 19:51,10.0
10425,13-08-2017 20:51,10.0
10426,13-08-2017 21:51,10.0
10429,14-08-2017 00:51,10.0
10430,14-08-2017 01:51,9.865
10431,14-08-2017 02:51,9.84
10432,14-08-2017 03:51,10.0
10433,14-08-2017 04:51,9.855
10434,14-08-2017 05:51,10.0
10435,14-08-2017 06:51,10.0
10436,14-08-2017 07:51,9.98
10437,14-08-2017 08:51,10.0
10457,15-08-2017 04:51,6.067916666666665
10458,15-08-2017 05:51,6.9725
10459,15-08-2017 06:51,9.455
10473,15-08-2017 20:51,8.425
10489,16-08-2017 12:51,10.0
10491,16-08-2017 14:51,10.0
10492,16-08-2017 15:51,10.0
10493,16-08-2017 16:51,10.0
10494,16-08-2017 17:51,10.0
10498,16-08-2017 21:51,9.495
10499,16-08-2017 22:51,9.62
10500,16-08-2017 23:51,9.125
10501,17-08-2017 00:51,9.92
10502,17-08-2017 01:51,10.0
10503,17-08-2017 02:51,10.0
10504,17-08-2017 03:51,10.0
10505,17-08-2017 04:51,10.0
10506,17-08-2017 05:51,10.0
10507,17-08-2017 06:51,10.0
10508,17-08-2017 07:51,9.98
10511,17-08-2017 10:51,10.0
10666,23-08-2017 21:51,10.0
10667,23-08-2017 22:51,10.0
10668,23-08-2017 23:51,10.0
10669,24-08-2017 00:51,9.45
10670,24-08-2017 01:51,9.78
10671,24-08-2017 02:51,9.87
10674,24-08-2017 05:51,9.4
10677,24-08-2017 08:51,10.0
10678,24-08-2017 09:51,10.0
10697,25-08-2017 04:51,10.0
10704,25-08-2017 11:51,10.0
10705,25-08-2017 12:51,10.0
10709,25-08-2017 16:51,10.0
10710,25-08-2017 17:51,10.0
10712,25-08-2017 19:51,10.0
10713,25-08-2017 20:51,10.0
10714,25-08-2017 21:51,9.99
10715,25-08-2017 22:51,10.0
10716,25-08-2017 23:51,10.0
10717,26-08-2017 00:51,10.0
10718,26-08-2017 01:51,9.97
10719,26-08-2017 02:51,10.0
10722,26-08-2017 05:51,10.0
10726,26-08-2017 09:51,10.0
10727,26-08-2017 10:51,10.0
10728,26-08-2017 11:51,10.0
10730,26-08-2017 13:51,10.0
10736,26-08-2017 19:51,9.91
10737,26-08-2017 20:51,9.91
10738,26-08-2017 21:51,9.9
10739,26-08-2017 22:51,9.99
10740,26-08-2017 23:51,9.93
10741,27-08-2017 00:51,10.0
10742,27-08-2017 01:51,10.0
10743,27-08-2017 02:51,9.94
10744,27-08-2017 03:51,9.87
10746,27-08-2017 05:51,10.0
10747,27-08-2017 06:51,10.0
10748,27-08-2017 07:51,10.0
10749,27-08-2017 08:51,10.0
10750,27-08-2017 09:51,10.0
10751,27-08-2017 10:51,10.0
10752,27-08-2017 11:51,10.0
10754,27-08-2017 13:51,10.0
10755,27-08-2017 14:51,10.0
10759,27-08-2017 18:51,10.0
10760,27-08-2017 19:51,9.54
10761,27-08-2017 20:51,9.91
10762,27-08-2017 21:51,9.85
10763,27-08-2017 22:51,9.93
10764,27-08-2017 23:51,9.97
10765,28-08-2017 00:51,9.94
10766,28-08-2017 01:51,9.96
10767,28-08-2017 02:51,9.89
10768,28-08-2017 03:51,9.93
10769,28-08-2017 04:51,9.745
10770,28-08-2017 05:51,9.99
10771,28-08-2017 06:51,10.0
10772,28-08-2017 07:51,9.97
10773,28-08-2017 08:51,10.0
10774,28-08-2017 09:51,10.0
10775,28-08-2017 10:51,10.0
10776,28-08-2017 11:51,10.0
10778,28-08-2017 13:51,10.0
10780,28-08-2017 15:51,10.0
10781,28-08-2017 16:51,10.0
10782,28-08-2017 17:51,10.0
10783,28-08-2017 18:51,10.0
10784,28-08-2017 19:51,10.0
10785,28-08-2017 20:51,10.0
10786,28-08-2017 21:51,10.0
10787,28-08-2017 22:51,9.98
10788,28-08-2017 23:51,10.0
10789,29-08-2017 00:51,10.0
10790,29-08-2017 01:51,9.99
10791,29-08-2017 02:51,10.0
10792,29-08-2017 03:51,9.67
10793,29-08-2017 04:51,9.83
10794,29-08-2017 05:51,10.0
10795,29-08-2017 06:51,10.0
10796,29-08-2017 07:51,10.0
10797,29-08-2017 08:51,10.0
10798,29-08-2017 09:51,10.0
10799,29-08-2017 10:51,10.0
10800,29-08-2017 11:51,10.0
10801,29-08-2017 12:51,9.565
10802,29-08-2017 13:51,9.35
10803,29-08-2017 14:51,8.855
10804,29-08-2017 15:51,8.46
10805,29-08-2017 16:51,8.09
10806,29-08-2017 17:51,6.945
10807,29-08-2017 18:51,7.4675
10808,29-08-2017 19:51,9.59
10809,29-08-2017 20:51,9.49
10810,29-08-2017 21:51,8.755
10811,29-08-2017 22:51,9.58
10812,29-08-2017 23:51,8.92
10813,30-08-2017 00:51,9.495
10814,30-08-2017 01:51,8.1
10815,30-08-2017 02:51,8.115
10816,30-08-2017 03:51,9.015
10817,30-08-2017 04:51,8.1825
10884,01-09-2017 23:51,10.0
10885,02-09-2017 00:51,10.0
10886,02-09-2017 01:51,10.0
10887,02-09-2017 02:51,10.0
10888,02-09-2017 03:51,10.0
10889,02-09-2017 04:51,10.0
10890,02-09-2017 05:51,10.0
10891,02-09-2017 06:51,10.0
10892,02-09-2017 07:51,10.0
10893,02-09-2017 08:51,10.0
10894,02-09-2017 09:51,10.0
10895,02-09-2017 10:51,10.0
10896,02-09-2017 11:51,10.0
10897,02-09-2017 12:51,10.0
10898,02-09-2017 13:51,10.0
10899,02-09-2017 14:51,10.0
10900,02-09-2017 15:51,10.0
10901,02-09-2017 16:51,10.0
10902,02-09-2017 17:51,9.91
10903,02-09-2017 18:51,8.6275
10904,02-09-2017 19:51,6.5575
10905,02-09-2017 20:51,4.135
10906,02-09-2017 21:51,4.7462
10907,02-09-2017 22:51,7.3925
10908,02-09-2017 23:51,7.6025
10909,03-09-2017 00:51,6.8425
10910,03-09-2017 01:51,5.09
10911,03-09-2017 02:51,4.25
10912,03-09-2017 03:51,9.27
10913,03-09-2017 04:51,9.49
10914,03-09-2017 05:51,9.65
10915,03-09-2017 06:51,9.335
10916,03-09-2017 07:51,6.615
10917,03-09-2017 08:51,4.2137
10918,03-09-2017 09:51,6.5575
10983,06-09-2017 02:51,9.673333333333334
10984,06-09-2017 03:51,9.68
10986,06-09-2017 05:51,9.8
10988,06-09-2017 07:51,8.97
10998,06-09-2017 17:51,10.0
10999,06-09-2017 18:51,9.8
11000,06-09-2017 19:51,7.89
11004,06-09-2017 23:51,8.6712
11005,07-09-2017 00:51,7.9537
11064,09-09-2017 11:51,10.0
11066,09-09-2017 13:51,10.0
11068,09-09-2017 15:51,10.0
11084,10-09-2017 07:51,10.0
11085,10-09-2017 08:51,10.0
11086,10-09-2017 09:51,10.0
11087,10-09-2017 10:51,10.0
11088,10-09-2017 11:51,10.0
11089,10-09-2017 12:51,10.0
11090,10-09-2017 13:51,10.0
11093,10-09-2017 16:51,10.0
11094,10-09-2017 17:51,10.0
11095,10-09-2017 18:51,10.0
11096,10-09-2017 19:51,10.0
11097,10-09-2017 20:51,10.0
11100,10-09-2017 23:51,9.99
11101,11-09-2017 00:51,10.0
11102,11-09-2017 01:51,10.0
11103,11-09-2017 02:51,10.0
11104,11-09-2017 03:51,10.0
11111,11-09-2017 10:51,10.0
11117,11-09-2017 16:51,10.0
11118,11-09-2017 17:51,10.0
11119,11-09-2017 18:51,10.0
11121,11-09-2017 20:51,10.0
11126,12-09-2017 01:51,10.0
11128,12-09-2017 03:51,9.94
11129,12-09-2017 04:51,9.79
11135,12-09-2017 10:51,10.0
11221,16-09-2017 00:51,4.348025000000001
11222,16-09-2017 01:51,6.5025
11223,16-09-2017 02:51,4.435208333333333
11224,16-09-2017 03:51,2.0808250000000017
11225,16-09-2017 04:51,3.6124
11226,16-09-2017 05:51,2.6348000000000003
11227,16-09-2017 06:51,3.2512
11228,16-09-2017 07:51,2.9812
11229,16-09-2017 08:51,4.48
11230,16-09-2017 09:51,5.14
11240,16-09-2017 19:51,9.1785
11242,16-09-2017 21:51,9.1785
11248,17-09-2017 03:51,8.8
11249,17-09-2017 04:51,9.71
11250,17-09-2017 05:51,8.68
11251,17-09-2017 06:51,9.26
11252,17-09-2017 07:51,9.34
11253,17-09-2017 08:51,9.57
11254,17-09-2017 09:51,9.95
11255,17-09-2017 10:51,9.8
11266,17-09-2017 21:51,9.18
11267,17-09-2017 22:51,9.74
11268,17-09-2017 23:51,9.78
11269,18-09-2017 00:51,10.0
11270,18-09-2017 01:51,9.76
11271,18-09-2017 02:51,9.8
11272,18-09-2017 03:51,7.96
11273,18-09-2017 04:51,9.19
11274,18-09-2017 05:51,8.6262
11275,18-09-2017 06:51,7.73
11276,18-09-2017 07:51,9.84
11277,18-09-2017 08:51,9.88
11278,18-09-2017 09:51,9.97
11279,18-09-2017 10:51,10.0
11280,18-09-2017 11:51,10.0
11281,18-09-2017 12:51,10.0
11282,18-09-2017 13:51,10.0
11283,18-09-2017 14:51,9.98
11284,18-09-2017 15:51,10.0
11285,18-09-2017 16:51,10.0
11286,18-09-2017 17:51,9.92
11287,18-09-2017 18:51,9.94
11288,18-09-2017 19:51,9.9
11289,18-09-2017 20:51,9.93
11290,18-09-2017 21:51,9.98
11291,18-09-2017 22:51,9.9
11292,18-09-2017 23:51,9.73
11293,19-09-2017 00:51,9.58
11294,19-09-2017 01:51,9.08
11295,19-09-2017 02:51,9.88
11296,19-09-2017 03:51,9.885
11297,19-09-2017 04:51,9.44
11298,19-09-2017 05:51,9.8
11299,19-09-2017 06:51,10.0
11300,19-09-2017 07:51,9.99
11301,19-09-2017 08:51,10.0
11302,19-09-2017 09:51,9.98
11303,19-09-2017 10:51,9.96
11304,19-09-2017 11:51,9.98
11305,19-09-2017 12:51,6.91
11306,19-09-2017 13:51,5.1162
11307,19-09-2017 14:51,8.095
11308,19-09-2017 15:51,9.83
11309,19-09-2017 16:51,9.87
11310,19-09-2017 17:51,9.72
11311,19-09-2017 18:51,9.7
11312,19-09-2017 19:51,9.82
11313,19-09-2017 20:51,9.96
11315,19-09-2017 22:51,9.96
11316,19-09-2017 23:51,9.94
11317,20-09-2017 00:51,9.94
11318,20-09-2017 01:51,9.96
11320,20-09-2017 03:51,9.96
11350,21-09-2017 09:51,10.0
11352,21-09-2017 11:51,10.0
11358,21-09-2017 17:51,10.0
11359,21-09-2017 18:51,9.96
11360,21-09-2017 19:51,10.0
11361,21-09-2017 20:51,10.0
11363,21-09-2017 22:51,10.0
11364,21-09-2017 23:51,10.0
11365,22-09-2017 00:51,10.0
11375,22-09-2017 10:51,10.0
11408,23-09-2017 19:51,10.0
11409,23-09-2017 20:51,10.0
11411,23-09-2017 22:51,9.94
11412,23-09-2017 23:51,10.0
11413,24-09-2017 00:51,10.0
11414,24-09-2017 01:51,10.0
11415,24-09-2017 02:51,9.99
11416,24-09-2017 03:51,9.98
11418,24-09-2017 05:51,10.0
11421,24-09-2017 08:51,10.0
11422,24-09-2017 09:51,10.0
11423,24-09-2017 10:51,10.0
11424,24-09-2017 11:51,9.98
11425,24-09-2017 12:51,10.0
11431,24-09-2017 18:51,10.0
11436,24-09-2017 23:51,9.78
11437,25-09-2017 00:51,10.0
11439,25-09-2017 02:51,10.0
11440,25-09-2017 03:51,10.0
11441,25-09-2017 04:51,10.0
11442,25-09-2017 05:51,9.552000000000003
11443,25-09-2017 06:51,8.8
11457,25-09-2017 20:51,7.9475
11458,25-09-2017 21:51,9.17
11459,25-09-2017 22:51,10.0
11460,25-09-2017 23:51,8.489166666666668
11461,26-09-2017 00:51,9.125
11463,26-09-2017 02:51,3.6036
11464,26-09-2017 03:51,8.0475
11465,26-09-2017 04:51,8.5
11466,26-09-2017 05:51,5.7087
11467,26-09-2017 06:51,3.615
11468,26-09-2017 07:51,4.059
11469,26-09-2017 08:51,8.23
11470,26-09-2017 09:51,9.99
11479,26-09-2017 18:51,9.32
11480,26-09-2017 19:51,9.34
11481,26-09-2017 20:51,9.12
11482,26-09-2017 21:51,9.9
11483,26-09-2017 22:51,9.17
11485,27-09-2017 00:51,9.585
11486,27-09-2017 01:51,9.86
11487,27-09-2017 02:51,9.72
11488,27-09-2017 03:51,9.035
11489,27-09-2017 04:51,9.0975
11491,27-09-2017 06:51,7.595
11492,27-09-2017 07:51,4.585
11493,27-09-2017 08:51,8.69
11494,27-09-2017 09:51,9.82
11495,27-09-2017 10:51,9.99
11496,27-09-2017 11:51,9.98
11497,27-09-2017 12:51,9.98
11498,27-09-2017 13:51,10.0
11499,27-09-2017 14:51,9.96
11500,27-09-2017 15:51,9.85
11501,27-09-2017 16:51,9.92
11502,27-09-2017 17:51,9.485
11503,27-09-2017 18:51,8.86
11504,27-09-2017 19:51,9.49
11505,27-09-2017 20:51,9.66
11508,27-09-2017 23:51,6.3
11536,29-09-2017 03:51,10.0
11541,29-09-2017 08:51,10.0
11553,29-09-2017 20:51,10.0
11554,29-09-2017 21:51,10.0
11555,29-09-2017 22:51,9.95
11556,29-09-2017 23:51,10.0
11569,30-09-2017 12:51,8.955
11570,30-09-2017 13:51,9.41
11576,30-09-2017 20:51,9.97
11577,30-09-2017 21:51,10.0
11578,30-09-2017 22:51,10.0
11579,30-09-2017 23:51,10.0
11580,01-10-2017 00:51,10.0
11585,01-10-2017 05:51,9.93
11588,01-10-2017 08:51,10.0
11602,01-10-2017 22:51,10.0
11611,02-10-2017 07:51,10.0
11612,02-10-2017 08:51,10.0
11613,02-10-2017 09:51,10.0
11616,02-10-2017 12:51,10.0
11625,02-10-2017 21:51,10.0
11626,02-10-2017 22:51,9.94
11627,02-10-2017 23:51,9.68
11628,03-10-2017 00:51,9.73
11629,03-10-2017 01:51,9.55
11630,03-10-2017 02:51,9.4487
11631,03-10-2017 03:51,9.33245
11632,03-10-2017 04:51,8.1335
11633,03-10-2017 05:51,9.73
11634,03-10-2017 06:51,9.78
11635,03-10-2017 07:51,9.92
11637,03-10-2017 09:51,9.95
11645,03-10-2017 17:51,9.97
11646,03-10-2017 18:51,9.98
11718,06-10-2017 18:51,7.850333333333333
11719,06-10-2017 19:51,8.6575
11720,06-10-2017 20:51,8.1425
11724,07-10-2017 00:51,8.239375
11725,07-10-2017 01:51,6.2612
11726,07-10-2017 02:51,7.1511000000000005
11727,07-10-2017 03:51,7.6648000000000005
11728,07-10-2017 04:51,7.484166666666666
11729,07-10-2017 05:51,7.8344999999999985
11815,10-10-2017 19:51,9.936666666666666
11816,10-10-2017 20:51,9.916666666666666
11817,10-10-2017 21:51,9.816666666666666
11819,10-10-2017 23:51,9.28
11820,11-10-2017 00:51,9.55
11821,11-10-2017 01:51,9.1
11822,11-10-2017 02:51,7.879166666666667
11823,11-10-2017 03:51,9.5
11825,11-10-2017 05:51,9.85
11826,11-10-2017 06:51,10.0
11827,11-10-2017 07:51,9.97
11828,11-10-2017 08:51,10.0
11829,11-10-2017 09:51,10.0
11830,11-10-2017 10:51,10.0
11831,11-10-2017 11:51,10.0
11832,11-10-2017 12:51,10.0
11833,11-10-2017 13:51,10.0
11834,11-10-2017 14:51,10.0
11835,11-10-2017 15:51,9.9
11836,11-10-2017 16:51,9.67
11837,11-10-2017 17:51,8.845
11838,11-10-2017 18:51,8.443333333333333
11839,11-10-2017 19:51,9.92
11840,11-10-2017 20:51,8.195
11841,11-10-2017 21:51,9.165
11842,11-10-2017 22:51,10.0
11843,11-10-2017 23:51,9.79
11844,12-10-2017 00:51,9.61
11845,12-10-2017 01:51,9.76
11846,12-10-2017 02:51,9.85
11847,12-10-2017 03:51,7.6425
11848,12-10-2017 04:51,4.14
11849,12-10-2017 05:51,9.36
11850,12-10-2017 06:51,9.55
11851,12-10-2017 07:51,9.96
11852,12-10-2017 08:51,9.94
11853,12-10-2017 09:51,9.87
11854,12-10-2017 10:51,10.0
11855,12-10-2017 11:51,10.0
11856,12-10-2017 12:51,10.0
11857,12-10-2017 13:51,10.0
11858,12-10-2017 14:51,10.0
11859,12-10-2017 15:51,10.0
11860,12-10-2017 16:51,10.0
11861,12-10-2017 17:51,10.0
11862,12-10-2017 18:51,10.0
11863,12-10-2017 19:51,10.0
11864,12-10-2017 20:51,10.0
11865,12-10-2017 21:51,10.0
11866,12-10-2017 22:51,10.0
11867,12-10-2017 23:51,10.0
11868,13-10-2017 00:51,10.0
11869,13-10-2017 01:51,10.0
11870,13-10-2017 02:51,9.95
11871,13-10-2017 03:51,9.92
11872,13-10-2017 04:51,9.76
11873,13-10-2017 05:51,9.98
11874,13-10-2017 06:51,9.96
11875,13-10-2017 07:51,9.98
11876,13-10-2017 08:51,10.0
11877,13-10-2017 09:51,10.0
11878,13-10-2017 10:51,10.0
11879,13-10-2017 11:51,10.0
11880,13-10-2017 12:51,10.0
11881,13-10-2017 13:51,10.0
11882,13-10-2017 14:51,10.0
11883,13-10-2017 15:51,9.95
11884,13-10-2017 16:51,9.65
11885,13-10-2017 17:51,9.35
11886,13-10-2017 18:51,9.585
11887,13-10-2017 19:51,9.675
11888,13-10-2017 20:51,9.4875
11889,13-10-2017 21:51,9.3375
11890,13-10-2017 22:51,9.6
11891,13-10-2017 23:51,9.4875
11892,14-10-2017 00:51,4.9337
11893,14-10-2017 01:51,8.7312
11894,14-10-2017 02:51,9.3836
11895,14-10-2017 03:51,9.4861
11896,14-10-2017 04:51,9.2125
11897,14-10-2017 05:51,8.7286
11898,14-10-2017 06:51,8.64
11899,14-10-2017 07:51,8.8674
11900,14-10-2017 08:51,9.188600000000001
11902,14-10-2017 10:51,9.65
11903,14-10-2017 11:51,10.0
11905,14-10-2017 13:51,9.97
11906,14-10-2017 14:51,9.38
11908,14-10-2017 16:51,9.97
11967,17-10-2017 03:51,10.0
11970,17-10-2017 06:51,10.0
11973,17-10-2017 09:51,10.0
12060,21-10-2017 00:51,10.0
12063,21-10-2017 03:51,10.0
12065,21-10-2017 05:51,9.97
12066,21-10-2017 06:51,10.0
12068,21-10-2017 08:51,10.0
12086,22-10-2017 02:51,10.0
12087,22-10-2017 03:51,8.344574999999999
12088,22-10-2017 04:51,5.91995
12089,22-10-2017 05:51,5.214375
12090,22-10-2017 06:51,8.26
12091,22-10-2017 07:51,10.0
12104,22-10-2017 20:51,9.3925
12105,22-10-2017 21:51,7.9611
12109,23-10-2017 01:51,8.44
12110,23-10-2017 02:51,8.3662
12111,23-10-2017 03:51,9.035
12112,23-10-2017 04:51,7.9424
12113,23-10-2017 05:51,7.9762
12114,23-10-2017 06:51,5.5044
12163,25-10-2017 07:51,9.94
12168,25-10-2017 12:51,9.93
12169,25-10-2017 13:51,10.0
12171,25-10-2017 15:51,9.98
12172,25-10-2017 16:51,10.0
12174,25-10-2017 18:51,9.29
12175,25-10-2017 19:51,10.0
12176,25-10-2017 20:51,9.92
12231,28-10-2017 03:51,9.585
12255,29-10-2017 03:51,5.0486
12256,29-10-2017 04:51,6.5262
12261,29-10-2017 09:51,5.6774000000000004
12262,29-10-2017 10:51,5.4525
12263,29-10-2017 11:51,2.105
12269,29-10-2017 17:51,3.1262
12270,29-10-2017 18:51,3.18
12271,29-10-2017 19:51,2.385
12272,29-10-2017 20:51,2.365
12325,01-11-2017 01:51,10.0
12326,01-11-2017 02:51,10.0
12327,01-11-2017 03:51,9.83
12328,01-11-2017 04:51,10.0
12329,01-11-2017 05:51,10.0
12330,01-11-2017 06:51,9.98
12331,01-11-2017 07:51,10.0
12332,01-11-2017 08:51,10.0
12333,01-11-2017 09:51,10.0
12337,01-11-2017 13:51,10.0
12338,01-11-2017 14:51,10.0
12339,01-11-2017 15:51,10.0
12340,01-11-2017 16:51,10.0
12341,01-11-2017 17:51,9.99
12342,01-11-2017 18:51,10.0
12343,01-11-2017 19:51,10.0
12395,03-11-2017 23:51,10.0
12396,04-11-2017 00:51,10.0
12397,04-11-2017 01:51,10.0
12399,04-11-2017 03:51,10.0
12400,04-11-2017 04:51,10.0
12401,04-11-2017 05:51,10.0
12403,04-11-2017 07:51,10.0
12404,04-11-2017 08:51,10.0
12405,04-11-2017 09:51,10.0
12406,04-11-2017 10:51,10.0
12407,04-11-2017 11:51,10.0
12408,04-11-2017 12:51,10.0
12409,04-11-2017 13:51,10.0
12412,04-11-2017 16:51,10.0
12413,04-11-2017 17:51,10.0
12414,04-11-2017 18:51,9.9
12415,04-11-2017 19:51,10.0
12416,04-11-2017 20:51,9.99
12417,04-11-2017 21:51,10.0
12418,04-11-2017 22:51,10.0
12419,04-11-2017 23:51,10.0
12420,05-11-2017 00:51,7.07
12421,05-11-2017 01:51,8.3724
12422,05-11-2017 02:51,9.6
12423,05-11-2017 03:51,8.235
12424,05-11-2017 04:51,8.615
12425,05-11-2017 05:51,8.5536
12426,05-11-2017 06:51,8.3308
12427,05-11-2017 07:51,9.4525
12428,05-11-2017 08:51,9.2525
12429,05-11-2017 09:51,7.3109
12430,05-11-2017 10:51,6.5774
12431,05-11-2017 11:51,5.5525
12432,05-11-2017 12:51,6.8774
12433,05-11-2017 13:51,3.5775
12436,05-11-2017 16:51,7.6899
12473,07-11-2017 05:51,10.0
12474,07-11-2017 06:51,10.0
12475,07-11-2017 07:51,10.0
12476,07-11-2017 08:51,10.0
12477,07-11-2017 09:51,10.0
12478,07-11-2017 10:51,10.0
12479,07-11-2017 11:51,10.0
12480,07-11-2017 12:51,10.0
12481,07-11-2017 13:51,9.99
12483,07-11-2017 15:51,9.47
12484,07-11-2017 16:51,4.935
12488,07-11-2017 20:51,7.655
12489,07-11-2017 21:51,6.875
12490,07-11-2017 22:51,6.9875
12491,07-11-2017 23:51,6.7725
12492,08-11-2017 00:51,8.89
12493,08-11-2017 01:51,7.49
12494,08-11-2017 02:51,8.6762
12495,08-11-2017 03:51,9.195
12496,08-11-2017 04:51,7.69
12497,08-11-2017 05:51,9.115
12499,08-11-2017 07:51,7.77
12500,08-11-2017 08:51,9.88
12501,08-11-2017 09:51,9.83
12502,08-11-2017 10:51,9.98
12504,08-11-2017 12:51,10.0
12505,08-11-2017 13:51,9.99
12506,08-11-2017 14:51,10.0
12507,08-11-2017 15:51,10.0
12508,08-11-2017 16:51,10.0
12509,08-11-2017 17:51,10.0
12510,08-11-2017 18:51,9.98
12511,08-11-2017 19:51,10.0
12512,08-11-2017 20:51,10.0
12513,08-11-2017 21:51,9.92
